team1,team2,toss_winner,toss_loser,toss_winner_decision,toss_loser_decision,match_winner,venue,weather,id
Sunrisers Hyderabad,Royal Challengers Bangalore,Royal Challengers Bangalore,Sunrisers Hyderabad,Field,Bat,Sunrisers Hyderabad,Rajiv Gandhi International Stadium,Dry,1
Gujarat Lions,Kolkata Knight Riders,Kolkata Knight Riders,Gujarat Lions,Field,Bat,Kolkata Knight Riders,Saurashtra Cricket Association Stadium,Dry,2
Royal Challengers Bangalore,Delhi Daredevils,Royal Challengers Bangalore,Delhi Daredevils,Bat,Field,Royal Challengers Bangalore,M Chinnaswamy Stadium,Dry,3
Gujarat Lions,Sunrisers Hyderabad,Sunrisers Hyderabad,Gujarat Lions,Field,Bat,Sunrisers Hyderabad,Rajiv Gandhi International Stadium,Dry,4
Kolkata Knight Riders,Mumbai Indians,Mumbai Indians,Kolkata Knight Riders,Field,Bat,Mumbai Indians,Wankhede Stadium,Humid,5
Royal Challengers Bangalore,Kings XI Punjab,Royal Challengers Bangalore,Kings XI Punjab,Bat,Field,Kings XI Punjab,Holkar Cricket Stadium,Sunny,6
Sunrisers Hyderabad,Mumbai Indians,Mumbai Indians,Sunrisers Hyderabad,Field,Bat,Mumbai Indians,Wankhede Stadium,Sunny,7
Kings XI Punjab,Kolkata Knight Riders,Kolkata Knight Riders,Kings XI Punjab,Field,Bat,Kolkata Knight Riders,Eden Gardens,Humid,8
Royal Challengers Bangalore,Mumbai Indians,Mumbai Indians,Royal Challengers Bangalore,Field,Bat,Mumbai Indians,M Chinnaswamy Stadium,Sunny,9
Kolkata Knight Riders,Sunrisers Hyderabad,Sunrisers Hyderabad,Kolkata Knight Riders,Field,Bat,Kolkata Knight Riders,Eden Gardens,Humid,10
Delhi Daredevils,Kings XI Punjab,Delhi Daredevils,Kings XI Punjab,Bat,Field,Delhi Daredevils,Feroz Shah Kotla,Humid,11
Gujarat Lions,Mumbai Indians,Mumbai Indians,Gujarat Lions,Field,Bat,Mumbai Indians,Wankhede Stadium,Humid,12
Delhi Daredevils,Kolkata Knight Riders,Delhi Daredevils,Kolkata Knight Riders,Bat,Field,Kolkata Knight Riders,Feroz Shah Kotla,Humid,13
Sunrisers Hyderabad,Kings XI Punjab,Kings XI Punjab,Sunrisers Hyderabad,Field,Bat,Sunrisers Hyderabad,Rajiv Gandhi International Stadium,Humid,14
Royal Challengers Bangalore,Gujarat Lions,Gujarat Lions,Royal Challengers Bangalore,Field,Bat,Royal Challengers Bangalore,Saurashtra Cricket Association Stadium,Humid,15
Sunrisers Hyderabad,Delhi Daredevils,Sunrisers Hyderabad,Delhi Daredevils,Bat,Field,Sunrisers Hyderabad,Rajiv Gandhi International Stadium,Humid,16
Kings XI Punjab,Mumbai Indians,Mumbai Indians,Kings XI Punjab,Field,Bat,Mumbai Indians,Holkar Cricket Stadium,Dry,17
Kolkata Knight Riders,Gujarat Lions,Gujarat Lions,Kolkata Knight Riders,Field,Bat,Gujarat Lions,Eden Gardens,Humid,18
Mumbai Indians,Delhi Daredevils,Delhi Daredevils,Mumbai Indians,Field,Bat,Mumbai Indians,Wankhede Stadium,Dry,19
Kings XI Punjab,Gujarat Lions,Gujarat Lions,Kings XI Punjab,Field,Bat,Kings XI Punjab,Saurashtra Cricket Association Stadium,Humid,20
Kolkata Knight Riders,Royal Challengers Bangalore,Royal Challengers Bangalore,Kolkata Knight Riders,Field,Bat,Kolkata Knight Riders,Eden Gardens,Dry,21
Royal Challengers Bangalore,Gujarat Lions,Gujarat Lions,Royal Challengers Bangalore,Field,Bat,Gujarat Lions,M Chinnaswamy Stadium,Humid,22
Delhi Daredevils,Kolkata Knight Riders,Kolkata Knight Riders,Delhi Daredevils,Field,Bat,Kolkata Knight Riders,Eden Gardens,Humid,23
Sunrisers Hyderabad,Kings XI Punjab,Kings XI Punjab,Sunrisers Hyderabad,Field,Bat,Sunrisers Hyderabad,Punjab Cricket Association Stadium,Humid,24
Gujarat Lions,Mumbai Indians,Gujarat Lions,Mumbai Indians,Bat,Field,Mumbai Indians,Saurashtra Cricket Association Stadium,Sunny,25
Delhi Daredevils,Kings XI Punjab,Kings XI Punjab,Delhi Daredevils,Field,Bat,Kings XI Punjab,Punjab Cricket Association Stadium,Sunny,26
Sunrisers Hyderabad,Kolkata Knight Riders,Kolkata Knight Riders,Sunrisers Hyderabad,Field,Bat,Sunrisers Hyderabad,Rajiv Gandhi International Stadium,Dry,27
Royal Challengers Bangalore,Mumbai Indians,Mumbai Indians,Royal Challengers Bangalore,Bat,Field,Mumbai Indians,Wankhede Stadium,Sunny,28
Sunrisers Hyderabad,Delhi Daredevils,Delhi Daredevils,Sunrisers Hyderabad,Field,Bat,Delhi Daredevils,Feroz Shah Kotla,Dry,29
Gujarat Lions,Delhi Daredevils,Delhi Daredevils,Gujarat Lions,Field,Bat,Delhi Daredevils,Feroz Shah Kotla,Sunny,30
Kings XI Punjab,Royal Challengers Bangalore,Royal Challengers Bangalore,Kings XI Punjab,Field,Bat,Kings XI Punjab,M Chinnaswamy Stadium,Sunny,31
Mumbai Indians,Delhi Daredevils,Delhi Daredevils,Mumbai Indians,Field,Bat,Mumbai Indians,Feroz Shah Kotla,Dry,32
Royal Challengers Bangalore,Kolkata Knight Riders,Kolkata Knight Riders,Royal Challengers Bangalore,Field,Bat,Kolkata Knight Riders,M Chinnaswamy Stadium,Sunny,33
Kings XI Punjab,Gujarat Lions,Gujarat Lions,Kings XI Punjab,Field,Bat,Gujarat Lions,Punjab Cricket Association Stadium,Sunny,34
Mumbai Indians,Sunrisers Hyderabad,Mumbai Indians,Sunrisers Hyderabad,Bat,Field,Sunrisers Hyderabad,Rajiv Gandhi International Stadium,Humid,35
Kings XI Punjab,Kolkata Knight Riders,Kolkata Knight Riders,Kings XI Punjab,Field,Bat,Kings XI Punjab,Punjab Cricket Association Stadium,Sunny,36
Gujarat Lions,Delhi Daredevils,Delhi Daredevils,Gujarat Lions,Field,Bat,Delhi Daredevils,Green Park,Dry,37
Kings XI Punjab,Mumbai Indians,Mumbai Indians,Kings XI Punjab,Field,Bat,Kings XI Punjab,Wankhede Stadium,Dry,38
Gujarat Lions,Sunrisers Hyderabad,Sunrisers Hyderabad,Gujarat Lions,Field,Bat,Sunrisers Hyderabad,Green Park,Dry,39
Mumbai Indians,Kolkata Knight Riders,Kolkata Knight Riders,Mumbai Indians,Field,Bat,Mumbai Indians,Eden Gardens,Humid,40
Royal Challengers Bangalore,Delhi Daredevils,Royal Challengers Bangalore,Delhi Daredevils,Bat,Field,Royal Challengers Bangalore,Feroz Shah Kotla,Dry,41
Sunrisers Hyderabad,Kolkata Knight Riders,Kolkata Knight Riders,Sunrisers Hyderabad,Field,Bat,Kolkata Knight Riders,M Chinnaswamy Stadium,Dry,42
Kolkata Knight Riders,Mumbai Indians,Mumbai Indians,Kolkata Knight Riders,Field,Bat,Mumbai Indians,M Chinnaswamy Stadium,Humid,43
Kolkata Knight Riders,Royal Challengers Bangalore,Royal Challengers Bangalore,Kolkata Knight Riders,Field,Bat,Kolkata Knight Riders,M Chinnaswamy Stadium,Dry,44
Chennai Super Kings,Kings XI Punjab,Chennai Super Kings,Kings XI Punjab,Bat,Field,Chennai Super Kings,Punjab Cricket Association Stadium,Dry,45
Rajasthan Royals,Delhi Daredevils,Rajasthan Royals,Delhi Daredevils,Bat,Field,Delhi Daredevils,Feroz Shah Kotla,Dry,46
Mumbai Indians,Royal Challengers Bangalore,Mumbai Indians,Royal Challengers Bangalore,Bat,Field,Royal Challengers Bangalore,Wankhede Stadium,Humid,47
Kings XI Punjab,Rajasthan Royals,Kings XI Punjab,Rajasthan Royals,Bat,Field,Rajasthan Royals,Sawai Mansingh Stadium,Dry,48
Chennai Super Kings,Mumbai Indians,Mumbai Indians,Chennai Super Kings,Field,Bat,Chennai Super Kings,MA Chidambaram Stadium,Dry,49
Kings XI Punjab,Mumbai Indians,Mumbai Indians,Kings XI Punjab,Field,Bat,Kings XI Punjab,Punjab Cricket Association Stadium,Dry,50
Royal Challengers Bangalore,Rajasthan Royals,Rajasthan Royals,Royal Challengers Bangalore,Field,Bat,Rajasthan Royals,M Chinnaswamy Stadium,Humid,51
Kolkata Knight Riders,Chennai Super Kings,Kolkata Knight Riders,Chennai Super Kings,Bat,Field,Chennai Super Kings,MA Chidambaram Stadium,Dry,52
Delhi Daredevils,Kings XI Punjab,Delhi Daredevils,Kings XI Punjab,Bat,Field,Kings XI Punjab,Punjab Cricket Association Stadium,Sunny,53
Chennai Super Kings,Royal Challengers Bangalore,Chennai Super Kings,Royal Challengers Bangalore,Bat,Field,Chennai Super Kings,M Chinnaswamy Stadium,Sunny,54
Kolkata Knight Riders,Mumbai Indians,Kolkata Knight Riders,Mumbai Indians,Bat,Field,Mumbai Indians,Eden Gardens,Humid,55
Delhi Daredevils,Royal Challengers Bangalore,Royal Challengers Bangalore,Delhi Daredevils,Field,Bat,Delhi Daredevils,Feroz Shah Kotla,Sunny,56
Rajasthan Royals,Kolkata Knight Riders,Rajasthan Royals,Kolkata Knight Riders,Bat,Field,Rajasthan Royals,Sawai Mansingh Stadium,Sunny,57
Chennai Super Kings,Delhi Daredevils,Chennai Super Kings,Delhi Daredevils,Bat,Field,Delhi Daredevils,MA Chidambaram Stadium,Humid,58
Kings XI Punjab,Kolkata Knight Riders,Kings XI Punjab,Kolkata Knight Riders,Bat,Field,Kings XI Punjab,Punjab Cricket Association Stadium,Sunny,59
Mumbai Indians,Delhi Daredevils,Delhi Daredevils,Mumbai Indians,Field,Bat,Mumbai Indians,Dr DY Patil Sports Academy,Sunny,60
Chennai Super Kings,Rajasthan Royals,Chennai Super Kings,Rajasthan Royals,Bat,Field,Rajasthan Royals,Sawai Mansingh Stadium,Sunny,61
Royal Challengers Bangalore,Kings XI Punjab,Kings XI Punjab,Royal Challengers Bangalore,Field,Bat,Kings XI Punjab,M Chinnaswamy Stadium,Humid,62
Rajasthan Royals,Mumbai Indians,Mumbai Indians,Rajasthan Royals,Field,Bat,Mumbai Indians,Dr DY Patil Sports Academy,Sunny,63
Delhi Daredevils,Chennai Super Kings,Chennai Super Kings,Delhi Daredevils,Field,Bat,Chennai Super Kings,Feroz Shah Kotla,Humid,64
Kolkata Knight Riders,Royal Challengers Bangalore,Kolkata Knight Riders,Royal Challengers Bangalore,Bat,Field,Kolkata Knight Riders,Eden Gardens,Dry,65
Royal Challengers Bangalore,Mumbai Indians,Mumbai Indians,Royal Challengers Bangalore,Field,Bat,Mumbai Indians,M Chinnaswamy Stadium,Sunny,66
Chennai Super Kings,Kings XI Punjab,Kings XI Punjab,Chennai Super Kings,Field,Bat,Chennai Super Kings,MA Chidambaram Stadium,Sunny,67
Delhi Daredevils,Rajasthan Royals,Rajasthan Royals,Delhi Daredevils,Field,Bat,Rajasthan Royals,Sawai Mansingh Stadium,Sunny,68
Royal Challengers Bangalore,Kings XI Punjab,Royal Challengers Bangalore,Kings XI Punjab,Bat,Field,Kings XI Punjab,Punjab Cricket Association Stadium,Sunny,69
Kolkata Knight Riders,Delhi Daredevils,Kolkata Knight Riders,Delhi Daredevils,Bat,Field,Kolkata Knight Riders,Eden Gardens,Humid,70
Chennai Super Kings,Mumbai Indians,Mumbai Indians,Chennai Super Kings,Field,Bat,Mumbai Indians,Wankhede Stadium,Dry,71
Kings XI Punjab,Rajasthan Royals,Rajasthan Royals,Kings XI Punjab,Field,Bat,Kings XI Punjab,Punjab Cricket Association Stadium,Sunny,72
Kolkata Knight Riders,Mumbai Indians,Mumbai Indians,Kolkata Knight Riders,Field,Bat,Mumbai Indians,Wankhede Stadium,Sunny,73
Delhi Daredevils,Kings XI Punjab,Delhi Daredevils,Kings XI Punjab,Bat,Field,Kings XI Punjab,Feroz Shah Kotla,Sunny,74
Rajasthan Royals,Royal Challengers Bangalore,Royal Challengers Bangalore,Rajasthan Royals,Field,Bat,Rajasthan Royals,Sawai Mansingh Stadium,Sunny,75
Kolkata Knight Riders,Chennai Super Kings,Kolkata Knight Riders,Chennai Super Kings,Bat,Field,Chennai Super Kings,Eden Gardens,Sunny,76
Royal Challengers Bangalore,Delhi Daredevils,Delhi Daredevils,Royal Challengers Bangalore,Field,Bat,Delhi Daredevils,M Chinnaswamy Stadium,Humid,77
Kolkata Knight Riders,Rajasthan Royals,Rajasthan Royals,Kolkata Knight Riders,Field,Bat,Rajasthan Royals,Eden Gardens,Dry,78
Kings XI Punjab,Mumbai Indians,Mumbai Indians,Kings XI Punjab,Field,Bat,Kings XI Punjab,Wankhede Stadium,Sunny,79
Royal Challengers Bangalore,Chennai Super Kings,Royal Challengers Bangalore,Chennai Super Kings,Bat,Field,Royal Challengers Bangalore,MA Chidambaram Stadium,Dry,80
Mumbai Indians,Delhi Daredevils,Delhi Daredevils,Mumbai Indians,Field,Bat,Delhi Daredevils,Feroz Shah Kotla,Dry,81
Rajasthan Royals,Chennai Super Kings,Rajasthan Royals,Chennai Super Kings,Bat,Field,Rajasthan Royals,MA Chidambaram Stadium,Dry,82
Kings XI Punjab,Kolkata Knight Riders,Kings XI Punjab,Kolkata Knight Riders,Bat,Field,Kolkata Knight Riders,Eden Gardens,Dry,83
Mumbai Indians,Rajasthan Royals,Rajasthan Royals,Mumbai Indians,Field,Bat,Rajasthan Royals,Sawai Mansingh Stadium,Humid,84
Rajasthan Royals,Delhi Daredevils,Delhi Daredevils,Rajasthan Royals,Field,Bat,Rajasthan Royals,Wankhede Stadium,Dry,85
Kings XI Punjab,Chennai Super Kings,Kings XI Punjab,Chennai Super Kings,Bat,Field,Chennai Super Kings,Wankhede Stadium,Dry,86
Chennai Super Kings,Rajasthan Royals,Rajasthan Royals,Chennai Super Kings,Field,Bat,Rajasthan Royals,Dr DY Patil Sports Academy,Dry,87
Mumbai Indians,Chennai Super Kings,Chennai Super Kings,Mumbai Indians,Field,Bat,Mumbai Indians,Newlands,Dry,88
Royal Challengers Bangalore,Rajasthan Royals,Royal Challengers Bangalore,Rajasthan Royals,Bat,Field,Royal Challengers Bangalore,Newlands,Dry,89
Kings XI Punjab,Delhi Daredevils,Delhi Daredevils,Kings XI Punjab,Field,Bat,Delhi Daredevils,Newlands,Humid,90
Chennai Super Kings,Royal Challengers Bangalore,Chennai Super Kings,Royal Challengers Bangalore,Bat,Field,Chennai Super Kings,St George's Park,Dry,91
Kings XI Punjab,Kolkata Knight Riders,Kolkata Knight Riders,Kings XI Punjab,Field,Bat,Kolkata Knight Riders,Kingsmead,Dry,92
Delhi Daredevils,Chennai Super Kings,Delhi Daredevils,Chennai Super Kings,Bat,Field,Delhi Daredevils,Kingsmead,Humid,93
Rajasthan Royals,Kolkata Knight Riders,Kolkata Knight Riders,Rajasthan Royals,Field,Bat,Rajasthan Royals,Newlands,Dry,94
Royal Challengers Bangalore,Kings XI Punjab,Royal Challengers Bangalore,Kings XI Punjab,Bat,Field,Kings XI Punjab,Kingsmead,Humid,95
Royal Challengers Bangalore,Delhi Daredevils,Royal Challengers Bangalore,Delhi Daredevils,Bat,Field,Delhi Daredevils,St George's Park,Dry,96
Kings XI Punjab,Rajasthan Royals,Kings XI Punjab,Rajasthan Royals,Bat,Field,Kings XI Punjab,Newlands,Dry,97
Mumbai Indians,Kolkata Knight Riders,Mumbai Indians,Kolkata Knight Riders,Bat,Field,Mumbai Indians,St George's Park,Dry,98
Delhi Daredevils,Rajasthan Royals,Delhi Daredevils,Rajasthan Royals,Bat,Field,Rajasthan Royals,SuperSport Park,Humid,99
Kolkata Knight Riders,Royal Challengers Bangalore,Kolkata Knight Riders,Royal Challengers Bangalore,Bat,Field,Royal Challengers Bangalore,Kingsmead,Dry,100
Kings XI Punjab,Mumbai Indians,Kings XI Punjab,Mumbai Indians,Bat,Field,Kings XI Punjab,Kingsmead,Dry,101
Chennai Super Kings,Rajasthan Royals,Rajasthan Royals,Chennai Super Kings,Field,Bat,Chennai Super Kings,SuperSport Park,Dry,102
Mumbai Indians,Kolkata Knight Riders,Mumbai Indians,Kolkata Knight Riders,Bat,Field,Mumbai Indians,Buffalo Park,Dry,103
Royal Challengers Bangalore,Kings XI Punjab,Royal Challengers Bangalore,Kings XI Punjab,Bat,Field,Royal Challengers Bangalore,Kingsmead,Humid,104
Chennai Super Kings,Delhi Daredevils,Delhi Daredevils,Chennai Super Kings,Field,Bat,Chennai Super Kings,New Wanderers Stadium,Dry,105
Kolkata Knight Riders,Kings XI Punjab,Kolkata Knight Riders,Kings XI Punjab,Bat,Field,Kings XI Punjab,St George's Park,Dry,106
Mumbai Indians,Royal Challengers Bangalore,Mumbai Indians,Royal Challengers Bangalore,Bat,Field,Royal Challengers Bangalore,New Wanderers Stadium,Dry,107
Rajasthan Royals,Kings XI Punjab,Kings XI Punjab,Rajasthan Royals,Field,Bat,Rajasthan Royals,Kingsmead,Dry,108
Kolkata Knight Riders,Delhi Daredevils,Kolkata Knight Riders,Delhi Daredevils,Bat,Field,Delhi Daredevils,Kingsmead,Dry,109
Royal Challengers Bangalore,Rajasthan Royals,Rajasthan Royals,Royal Challengers Bangalore,Field,Bat,Rajasthan Royals,SuperSport Park,Humid,110
Chennai Super Kings,Kings XI Punjab,Chennai Super Kings,Kings XI Punjab,Bat,Field,Chennai Super Kings,SuperSport Park,Dry,111
Mumbai Indians,Delhi Daredevils,Mumbai Indians,Delhi Daredevils,Bat,Field,Delhi Daredevils,Buffalo Park,Dry,112
Rajasthan Royals,Chennai Super Kings,Rajasthan Royals,Chennai Super Kings,Bat,Field,Chennai Super Kings,De Beers Diamond Oval,Dry,113
Mumbai Indians,Royal Challengers Bangalore,Mumbai Indians,Royal Challengers Bangalore,Bat,Field,Mumbai Indians,St George's Park,Humid,114
Kolkata Knight Riders,Delhi Daredevils,Delhi Daredevils,Kolkata Knight Riders,Field,Bat,Delhi Daredevils,New Wanderers Stadium,Dry,115
Kolkata Knight Riders,Royal Challengers Bangalore,Royal Challengers Bangalore,Kolkata Knight Riders,Field,Bat,Royal Challengers Bangalore,SuperSport Park,Dry,116
Kings XI Punjab,Mumbai Indians,Kings XI Punjab,Mumbai Indians,Bat,Field,Mumbai Indians,SuperSport Park,Dry,117
Chennai Super Kings,Royal Challengers Bangalore,Chennai Super Kings,Royal Challengers Bangalore,Bat,Field,Royal Challengers Bangalore,Kingsmead,Dry,118
Rajasthan Royals,Mumbai Indians,Rajasthan Royals,Mumbai Indians,Bat,Field,Rajasthan Royals,Kingsmead,Humid,119
Delhi Daredevils,Kings XI Punjab,Kings XI Punjab,Delhi Daredevils,Field,Bat,Kings XI Punjab,OUTsurance Oval,Dry,120
Mumbai Indians,Chennai Super Kings,Mumbai Indians,Chennai Super Kings,Bat,Field,Chennai Super Kings,St George's Park,Dry,121
Delhi Daredevils,Rajasthan Royals,Delhi Daredevils,Rajasthan Royals,Bat,Field,Delhi Daredevils,OUTsurance Oval,Dry,122
Chennai Super Kings,Kolkata Knight Riders,Chennai Super Kings,Kolkata Knight Riders,Bat,Field,Kolkata Knight Riders,SuperSport Park,Dry,123
Delhi Daredevils,Royal Challengers Bangalore,Delhi Daredevils,Royal Challengers Bangalore,Bat,Field,Royal Challengers Bangalore,New Wanderers Stadium,Dry,124
Rajasthan Royals,Kolkata Knight Riders,Kolkata Knight Riders,Rajasthan Royals,Field,Bat,Kolkata Knight Riders,Kingsmead,Humid,125
Chennai Super Kings,Kings XI Punjab,Chennai Super Kings,Kings XI Punjab,Bat,Field,Chennai Super Kings,Kingsmead,Dry,126
Mumbai Indians,Delhi Daredevils,Delhi Daredevils,Mumbai Indians,Field,Bat,Delhi Daredevils,SuperSport Park,Dry,127
Chennai Super Kings,Royal Challengers Bangalore,Royal Challengers Bangalore,Chennai Super Kings,Field,Bat,Royal Challengers Bangalore,New Wanderers Stadium,Sunny,128
Mumbai Indians,Rajasthan Royals,Mumbai Indians,Rajasthan Royals,Bat,Field,Mumbai Indians,Brabourne Stadium,Sunny,129
Kings XI Punjab,Delhi Daredevils,Delhi Daredevils,Kings XI Punjab,Field,Bat,Delhi Daredevils,Punjab Cricket Association Stadium,Humid,130
Royal Challengers Bangalore,Kolkata Knight Riders,Kolkata Knight Riders,Royal Challengers Bangalore,Field,Bat,Kolkata Knight Riders,Eden Gardens,Dry,131
Rajasthan Royals,Delhi Daredevils,Delhi Daredevils,Rajasthan Royals,Field,Bat,Delhi Daredevils,Sardar Patel Stadium,Sunny,132
Kings XI Punjab,Royal Challengers Bangalore,Kings XI Punjab,Royal Challengers Bangalore,Bat,Field,Royal Challengers Bangalore,M Chinnaswamy Stadium,Humid,133
Chennai Super Kings,Kolkata Knight Riders,Chennai Super Kings,Kolkata Knight Riders,Bat,Field,Chennai Super Kings,Eden Gardens,Humid,134
Mumbai Indians,Delhi Daredevils,Delhi Daredevils,Mumbai Indians,Field,Bat,Mumbai Indians,Feroz Shah Kotla,Humid,135
Rajasthan Royals,Royal Challengers Bangalore,Royal Challengers Bangalore,Rajasthan Royals,Field,Bat,Royal Challengers Bangalore,M Chinnaswamy Stadium,Humid,136
Delhi Daredevils,Chennai Super Kings,Delhi Daredevils,Chennai Super Kings,Bat,Field,Chennai Super Kings,Feroz Shah Kotla,Sunny,137
Rajasthan Royals,Kolkata Knight Riders,Rajasthan Royals,Kolkata Knight Riders,Bat,Field,Rajasthan Royals,Sardar Patel Stadium,Humid,138
Mumbai Indians,Royal Challengers Bangalore,Mumbai Indians,Royal Challengers Bangalore,Bat,Field,Royal Challengers Bangalore,Brabourne Stadium,Dry,139
Kings XI Punjab,Chennai Super Kings,Chennai Super Kings,Kings XI Punjab,Field,Bat,Kings XI Punjab,MA Chidambaram Stadium,Sunny,140
Kolkata Knight Riders,Mumbai Indians,Kolkata Knight Riders,Mumbai Indians,Bat,Field,Mumbai Indians,Brabourne Stadium,Dry,141
Royal Challengers Bangalore,Chennai Super Kings,Chennai Super Kings,Royal Challengers Bangalore,Field,Bat,Royal Challengers Bangalore,M Chinnaswamy Stadium,Dry,142
Rajasthan Royals,Kings XI Punjab,Kings XI Punjab,Rajasthan Royals,Field,Bat,Rajasthan Royals,Punjab Cricket Association Stadium,Humid,143
Chennai Super Kings,Mumbai Indians,Mumbai Indians,Chennai Super Kings,Field,Bat,Mumbai Indians,Brabourne Stadium,Dry,144
Kolkata Knight Riders,Kings XI Punjab,Kolkata Knight Riders,Kings XI Punjab,Bat,Field,Kolkata Knight Riders,Punjab Cricket Association Stadium,Dry,145
Delhi Daredevils,Royal Challengers Bangalore,Royal Challengers Bangalore,Delhi Daredevils,Field,Bat,Delhi Daredevils,M Chinnaswamy Stadium,Dry,146
Rajasthan Royals,Chennai Super Kings,Rajasthan Royals,Chennai Super Kings,Bat,Field,Rajasthan Royals,Sardar Patel Stadium,Sunny,147
Delhi Daredevils,Kolkata Knight Riders,Delhi Daredevils,Kolkata Knight Riders,Bat,Field,Delhi Daredevils,Feroz Shah Kotla,Humid,148
Kings XI Punjab,Mumbai Indians,Mumbai Indians,Kings XI Punjab,Field,Bat,Mumbai Indians,Brabourne Stadium,Dry,149
Royal Challengers Bangalore,Chennai Super Kings,Royal Challengers Bangalore,Chennai Super Kings,Bat,Field,Chennai Super Kings,MA Chidambaram Stadium,Sunny,150
Delhi Daredevils,Rajasthan Royals,Delhi Daredevils,Rajasthan Royals,Bat,Field,Delhi Daredevils,Feroz Shah Kotla,Sunny,151
Kings XI Punjab,Royal Challengers Bangalore,Kings XI Punjab,Royal Challengers Bangalore,Bat,Field,Royal Challengers Bangalore,Punjab Cricket Association Stadium,Sunny,152
Chennai Super Kings,Rajasthan Royals,Chennai Super Kings,Rajasthan Royals,Bat,Field,Chennai Super Kings,MA Chidambaram Stadium,Sunny,153
Kolkata Knight Riders,Kings XI Punjab,Kolkata Knight Riders,Kings XI Punjab,Bat,Field,Kings XI Punjab,Eden Gardens,Humid,154
Delhi Daredevils,Royal Challengers Bangalore,Delhi Daredevils,Royal Challengers Bangalore,Bat,Field,Delhi Daredevils,Feroz Shah Kotla,Dry,155
Chennai Super Kings,Mumbai Indians,Chennai Super Kings,Mumbai Indians,Bat,Field,Chennai Super Kings,MA Chidambaram Stadium,Dry,156
Kings XI Punjab,Rajasthan Royals,Kings XI Punjab,Rajasthan Royals,Bat,Field,Rajasthan Royals,Sawai Mansingh Stadium,Dry,157
Kolkata Knight Riders,Delhi Daredevils,Kolkata Knight Riders,Delhi Daredevils,Bat,Field,Kolkata Knight Riders,Eden Gardens,Dry,158
Mumbai Indians,Kings XI Punjab,Mumbai Indians,Kings XI Punjab,Bat,Field,Kings XI Punjab,Punjab Cricket Association Stadium,Dry,159
Kolkata Knight Riders,Royal Challengers Bangalore,Royal Challengers Bangalore,Kolkata Knight Riders,Field,Bat,Royal Challengers Bangalore,M Chinnaswamy Stadium,Humid,160
Delhi Daredevils,Kings XI Punjab,Delhi Daredevils,Kings XI Punjab,Bat,Field,Kings XI Punjab,Feroz Shah Kotla,Dry,161
Mumbai Indians,Rajasthan Royals,Rajasthan Royals,Mumbai Indians,Field,Bat,Mumbai Indians,Sawai Mansingh Stadium,Dry,162
Mumbai Indians,Delhi Daredevils,Mumbai Indians,Delhi Daredevils,Bat,Field,Mumbai Indians,Brabourne Stadium,Dry,163
Kolkata Knight Riders,Chennai Super Kings,Kolkata Knight Riders,Chennai Super Kings,Bat,Field,Chennai Super Kings,MA Chidambaram Stadium,Dry,164
Rajasthan Royals,Royal Challengers Bangalore,Rajasthan Royals,Royal Challengers Bangalore,Bat,Field,Royal Challengers Bangalore,Sawai Mansingh Stadium,Dry,165
Chennai Super Kings,Delhi Daredevils,Chennai Super Kings,Delhi Daredevils,Bat,Field,Delhi Daredevils,MA Chidambaram Stadium,Dry,166
Mumbai Indians,Royal Challengers Bangalore,Royal Challengers Bangalore,Mumbai Indians,Field,Bat,Mumbai Indians,M Chinnaswamy Stadium,Sunny,167
Rajasthan Royals,Kolkata Knight Riders,Rajasthan Royals,Kolkata Knight Riders,Bat,Field,Kolkata Knight Riders,Eden Gardens,Sunny,168
Kings XI Punjab,Chennai Super Kings,Chennai Super Kings,Kings XI Punjab,Field,Bat,Chennai Super Kings,Himachal Pradesh Cricket Association Stadium,Humid,169
Mumbai Indians,Kolkata Knight Riders,Mumbai Indians,Kolkata Knight Riders,Bat,Field,Kolkata Knight Riders,Eden Gardens,Dry,170
Mumbai Indians,Royal Challengers Bangalore,Mumbai Indians,Royal Challengers Bangalore,Bat,Field,Mumbai Indians,Dr DY Patil Sports Academy,Sunny,171
Chennai Super Kings,Mumbai Indians,Chennai Super Kings,Mumbai Indians,Bat,Field,Chennai Super Kings,Dr DY Patil Sports Academy,Sunny,172
Chennai Super Kings,Kolkata Knight Riders,Chennai Super Kings,Kolkata Knight Riders,Bat,Field,Chennai Super Kings,MA Chidambaram Stadium,Sunny,173
Delhi Daredevils,Mumbai Indians,Delhi Daredevils,Mumbai Indians,Bat,Field,Mumbai Indians,Feroz Shah Kotla,Sunny,174
Kings XI Punjab,Pune Warriors,Kings XI Punjab,Pune Warriors,Bat,Field,Pune Warriors,Dr DY Patil Sports Academy,Humid,175
Delhi Daredevils,Rajasthan Royals,Delhi Daredevils,Rajasthan Royals,Bat,Field,Rajasthan Royals,Sawai Mansingh Stadium,Dry,176
Royal Challengers Bangalore,Mumbai Indians,Mumbai Indians,Royal Challengers Bangalore,Field,Bat,Mumbai Indians,M Chinnaswamy Stadium,Sunny,177
Chennai Super Kings,Kings XI Punjab,Kings XI Punjab,Chennai Super Kings,Field,Bat,Kings XI Punjab,Punjab Cricket Association Stadium,Sunny,178
Rajasthan Royals,Kolkata Knight Riders,Kolkata Knight Riders,Rajasthan Royals,Field,Bat,Kolkata Knight Riders,Sawai Mansingh Stadium,Sunny,179
Chennai Super Kings,Royal Challengers Bangalore,Chennai Super Kings,Royal Challengers Bangalore,Bat,Field,Chennai Super Kings,MA Chidambaram Stadium,Humid,180
Pune Warriors,Delhi Daredevils,Delhi Daredevils,Pune Warriors,Field,Bat,Delhi Daredevils,Dr DY Patil Sports Academy,Dry,181
Rajasthan Royals,Kolkata Knight Riders,Kolkata Knight Riders,Rajasthan Royals,Field,Bat,Kolkata Knight Riders,Eden Gardens,Sunny,182
Pune Warriors,Mumbai Indians,Pune Warriors,Mumbai Indians,Bat,Field,Mumbai Indians,Wankhede Stadium,Sunny,183
Kings XI Punjab,Rajasthan Royals,Rajasthan Royals,Kings XI Punjab,Field,Bat,Kings XI Punjab,Punjab Cricket Association Stadium,Sunny,184
Mumbai Indians,Chennai Super Kings,Chennai Super Kings,Mumbai Indians,Field,Bat,Mumbai Indians,Wankhede Stadium,Humid,185
Kolkata Knight Riders,Royal Challengers Bangalore,Royal Challengers Bangalore,Kolkata Knight Riders,Field,Bat,Royal Challengers Bangalore,Eden Gardens,Dry,186
Delhi Daredevils,Kings XI Punjab,Kings XI Punjab,Delhi Daredevils,Field,Bat,Delhi Daredevils,Feroz Shah Kotla,Humid,187
Chennai Super Kings,Pune Warriors,Pune Warriors,Chennai Super Kings,Field,Bat,Chennai Super Kings,MA Chidambaram Stadium,Humid,188
Delhi Daredevils,Royal Challengers Bangalore,Royal Challengers Bangalore,Delhi Daredevils,Field,Bat,Royal Challengers Bangalore,Feroz Shah Kotla,Humid,189
Pune Warriors,Chennai Super Kings,Pune Warriors,Chennai Super Kings,Bat,Field,Chennai Super Kings,Dr DY Patil Sports Academy,Humid,190
Kolkata Knight Riders,Delhi Daredevils,Delhi Daredevils,Kolkata Knight Riders,Field,Bat,Kolkata Knight Riders,Feroz Shah Kotla,Dry,191
Mumbai Indians,Rajasthan Royals,Rajasthan Royals,Mumbai Indians,Field,Bat,Rajasthan Royals,Sawai Mansingh Stadium,Humid,192
Royal Challengers Bangalore,Pune Warriors,Pune Warriors,Royal Challengers Bangalore,Field,Bat,Royal Challengers Bangalore,M Chinnaswamy Stadium,Dry,193
Kings XI Punjab,Kolkata Knight Riders,Kolkata Knight Riders,Kings XI Punjab,Field,Bat,Kolkata Knight Riders,Eden Gardens,Dry,194
Pune Warriors,Rajasthan Royals,Rajasthan Royals,Pune Warriors,Field,Bat,Rajasthan Royals,Sawai Mansingh Stadium,Humid,195
Mumbai Indians,Kings XI Punjab,Kings XI Punjab,Mumbai Indians,Field,Bat,Mumbai Indians,Wankhede Stadium,Dry,196
Rajasthan Royals,Chennai Super Kings,Rajasthan Royals,Chennai Super Kings,Bat,Field,Chennai Super Kings,MA Chidambaram Stadium,Dry,197
Mumbai Indians,Pune Warriors,Pune Warriors,Mumbai Indians,Field,Bat,Mumbai Indians,Dr DY Patil Sports Academy,Dry,198
Royal Challengers Bangalore,Kings XI Punjab,Kings XI Punjab,Royal Challengers Bangalore,Field,Bat,Royal Challengers Bangalore,M Chinnaswamy Stadium,Dry,199
Chennai Super Kings,Kolkata Knight Riders,Chennai Super Kings,Kolkata Knight Riders,Bat,Field,Kolkata Knight Riders,Eden Gardens,Dry,200
Mumbai Indians,Delhi Daredevils,Delhi Daredevils,Mumbai Indians,Field,Bat,Mumbai Indians,Wankhede Stadium,Humid,201
Kings XI Punjab,Pune Warriors,Kings XI Punjab,Pune Warriors,Bat,Field,Pune Warriors,Punjab Cricket Association Stadium,Dry,202
Chennai Super Kings,Rajasthan Royals,Rajasthan Royals,Chennai Super Kings,Field,Bat,Chennai Super Kings,Sawai Mansingh Stadium,Dry,203
Kings XI Punjab,Mumbai Indians,Mumbai Indians,Kings XI Punjab,Field,Bat,Kings XI Punjab,Punjab Cricket Association Stadium,Dry,204
Rajasthan Royals,Royal Challengers Bangalore,Royal Challengers Bangalore,Rajasthan Royals,Field,Bat,Royal Challengers Bangalore,Sawai Mansingh Stadium,Dry,205
Chennai Super Kings,Delhi Daredevils,Chennai Super Kings,Delhi Daredevils,Bat,Field,Chennai Super Kings,MA Chidambaram Stadium,Sunny,206
Kolkata Knight Riders,Royal Challengers Bangalore,Royal Challengers Bangalore,Kolkata Knight Riders,Field,Bat,Royal Challengers Bangalore,M Chinnaswamy Stadium,Humid,207
Kings XI Punjab,Delhi Daredevils,Delhi Daredevils,Kings XI Punjab,Field,Bat,Kings XI Punjab,Himachal Pradesh Cricket Association Stadium,Dry,208
Kings XI Punjab,Royal Challengers Bangalore,Kings XI Punjab,Royal Challengers Bangalore,Bat,Field,Kings XI Punjab,Himachal Pradesh Cricket Association Stadium,Sunny,209
Pune Warriors,Kolkata Knight Riders,Kolkata Knight Riders,Pune Warriors,Field,Bat,Kolkata Knight Riders,Dr DY Patil Sports Academy,Sunny,210
Mumbai Indians,Rajasthan Royals,Mumbai Indians,Rajasthan Royals,Bat,Field,Rajasthan Royals,Wankhede Stadium,Sunny,211
Chennai Super Kings,Royal Challengers Bangalore,Royal Challengers Bangalore,Chennai Super Kings,Field,Bat,Royal Challengers Bangalore,M Chinnaswamy Stadium,Sunny,212
Kolkata Knight Riders,Mumbai Indians,Mumbai Indians,Kolkata Knight Riders,Field,Bat,Mumbai Indians,Eden Gardens,Humid,213
Royal Challengers Bangalore,Chennai Super Kings,Chennai Super Kings,Royal Challengers Bangalore,Field,Bat,Chennai Super Kings,Wankhede Stadium,Dry,214
Kolkata Knight Riders,Mumbai Indians,Mumbai Indians,Kolkata Knight Riders,Field,Bat,Mumbai Indians,Wankhede Stadium,Dry,215
Royal Challengers Bangalore,Mumbai Indians,Mumbai Indians,Royal Challengers Bangalore,Field,Bat,Royal Challengers Bangalore,MA Chidambaram Stadium,Dry,216
Chennai Super Kings,Royal Challengers Bangalore,Chennai Super Kings,Royal Challengers Bangalore,Bat,Field,Chennai Super Kings,MA Chidambaram Stadium,Dry,217
Chennai Super Kings,Mumbai Indians,Mumbai Indians,Chennai Super Kings,Field,Bat,Mumbai Indians,MA Chidambaram Stadium,Humid,218
Kolkata Knight Riders,Delhi Daredevils,Delhi Daredevils,Kolkata Knight Riders,Field,Bat,Delhi Daredevils,Eden Gardens,Dry,219
Pune Warriors,Mumbai Indians,Mumbai Indians,Pune Warriors,Field,Bat,Pune Warriors,Wankhede Stadium,Humid,220
Rajasthan Royals,Kings XI Punjab,Kings XI Punjab,Rajasthan Royals,Field,Bat,Rajasthan Royals,Sawai Mansingh Stadium,Humid,221
Royal Challengers Bangalore,Delhi Daredevils,Delhi Daredevils,Royal Challengers Bangalore,Field,Bat,Royal Challengers Bangalore,M Chinnaswamy Stadium,Humid,222
Rajasthan Royals,Kolkata Knight Riders,Kolkata Knight Riders,Rajasthan Royals,Field,Bat,Rajasthan Royals,Sawai Mansingh Stadium,Humid,223
Pune Warriors,Kings XI Punjab,Pune Warriors,Kings XI Punjab,Bat,Field,Pune Warriors,Subrata Roy Sahara Stadium,Humid,224
Kolkata Knight Riders,Royal Challengers Bangalore,Royal Challengers Bangalore,Kolkata Knight Riders,Field,Bat,Kolkata Knight Riders,M Chinnaswamy Stadium,Dry,225
Chennai Super Kings,Delhi Daredevils,Delhi Daredevils,Chennai Super Kings,Field,Bat,Delhi Daredevils,Feroz Shah Kotla,Humid,226
Mumbai Indians,Rajasthan Royals,Rajasthan Royals,Mumbai Indians,Field,Bat,Mumbai Indians,Wankhede Stadium,Humid,227
Royal Challengers Bangalore,Chennai Super Kings,Royal Challengers Bangalore,Chennai Super Kings,Bat,Field,Chennai Super Kings,MA Chidambaram Stadium,Humid,228
Pune Warriors,Kings XI Punjab,Kings XI Punjab,Pune Warriors,Field,Bat,Kings XI Punjab,Punjab Cricket Association Stadium,Humid,229
Rajasthan Royals,Kolkata Knight Riders,Rajasthan Royals,Kolkata Knight Riders,Bat,Field,Kolkata Knight Riders,Eden Gardens,Humid,230
Chennai Super Kings,Pune Warriors,Chennai Super Kings,Pune Warriors,Bat,Field,Pune Warriors,Subrata Roy Sahara Stadium,Dry,231
Kings XI Punjab,Kolkata Knight Riders,Kolkata Knight Riders,Kings XI Punjab,Field,Bat,Kings XI Punjab,Eden Gardens,Sunny,232
Rajasthan Royals,Royal Challengers Bangalore,Rajasthan Royals,Royal Challengers Bangalore,Bat,Field,Rajasthan Royals,M Chinnaswamy Stadium,Sunny,233
Mumbai Indians,Delhi Daredevils,Delhi Daredevils,Mumbai Indians,Field,Bat,Delhi Daredevils,Wankhede Stadium,Dry,234
Pune Warriors,Royal Challengers Bangalore,Pune Warriors,Royal Challengers Bangalore,Bat,Field,Royal Challengers Bangalore,M Chinnaswamy Stadium,Dry,235
Kings XI Punjab,Kolkata Knight Riders,Kings XI Punjab,Kolkata Knight Riders,Bat,Field,Kolkata Knight Riders,Punjab Cricket Association Stadium,Humid,236
Chennai Super Kings,Pune Warriors,Pune Warriors,Chennai Super Kings,Field,Bat,Chennai Super Kings,MA Chidambaram Stadium,Dry,237
Kings XI Punjab,Royal Challengers Bangalore,Royal Challengers Bangalore,Kings XI Punjab,Field,Bat,Royal Challengers Bangalore,Punjab Cricket Association Stadium,Dry,238
Rajasthan Royals,Chennai Super Kings,Rajasthan Royals,Chennai Super Kings,Bat,Field,Chennai Super Kings,MA Chidambaram Stadium,Dry,239
Pune Warriors,Delhi Daredevils,Delhi Daredevils,Pune Warriors,Field,Bat,Pune Warriors,Feroz Shah Kotla,Dry,240
Mumbai Indians,Kings XI Punjab,Mumbai Indians,Kings XI Punjab,Bat,Field,Kings XI Punjab,Wankhede Stadium,Dry,241
Royal Challengers Bangalore,Rajasthan Royals,Rajasthan Royals,Royal Challengers Bangalore,Field,Bat,Royal Challengers Bangalore,Sawai Mansingh Stadium,Humid,242
Pune Warriors,Delhi Daredevils,Pune Warriors,Delhi Daredevils,Bat,Field,Delhi Daredevils,Subrata Roy Sahara Stadium,Dry,243
Kings XI Punjab,Mumbai Indians,Kings XI Punjab,Mumbai Indians,Bat,Field,Mumbai Indians,Punjab Cricket Association Stadium,Dry,244
Delhi Daredevils,Mumbai Indians,Mumbai Indians,Delhi Daredevils,Field,Bat,Delhi Daredevils,Feroz Shah Kotla,Dry,245
Kings XI Punjab,Chennai Super Kings,Kings XI Punjab,Chennai Super Kings,Bat,Field,Kings XI Punjab,MA Chidambaram Stadium,Sunny,246
Kolkata Knight Riders,Royal Challengers Bangalore,Kolkata Knight Riders,Royal Challengers Bangalore,Bat,Field,Kolkata Knight Riders,Eden Gardens,Sunny,247
Delhi Daredevils,Rajasthan Royals,Delhi Daredevils,Rajasthan Royals,Bat,Field,Delhi Daredevils,Feroz Shah Kotla,Humid,248
Chennai Super Kings,Kolkata Knight Riders,Chennai Super Kings,Kolkata Knight Riders,Bat,Field,Kolkata Knight Riders,MA Chidambaram Stadium,Dry,249
Rajasthan Royals,Delhi Daredevils,Rajasthan Royals,Delhi Daredevils,Bat,Field,Delhi Daredevils,Sawai Mansingh Stadium,Sunny,250
Royal Challengers Bangalore,Kings XI Punjab,Kings XI Punjab,Royal Challengers Bangalore,Field,Bat,Kings XI Punjab,M Chinnaswamy Stadium,Dry,251
Mumbai Indians,Pune Warriors,Mumbai Indians,Pune Warriors,Bat,Field,Mumbai Indians,Subrata Roy Sahara Stadium,Dry,252
Kolkata Knight Riders,Pune Warriors,Kolkata Knight Riders,Pune Warriors,Bat,Field,Kolkata Knight Riders,Eden Gardens,Dry,253
Rajasthan Royals,Kings XI Punjab,Rajasthan Royals,Kings XI Punjab,Bat,Field,Rajasthan Royals,Punjab Cricket Association Stadium,Humid,254
Chennai Super Kings,Mumbai Indians,Mumbai Indians,Chennai Super Kings,Field,Bat,Mumbai Indians,Wankhede Stadium,Dry,255
Delhi Daredevils,Kolkata Knight Riders,Delhi Daredevils,Kolkata Knight Riders,Bat,Field,Kolkata Knight Riders,Feroz Shah Kotla,Humid,256
Pune Warriors,Rajasthan Royals,Pune Warriors,Rajasthan Royals,Bat,Field,Rajasthan Royals,Subrata Roy Sahara Stadium,Humid,257
Mumbai Indians,Royal Challengers Bangalore,Royal Challengers Bangalore,Mumbai Indians,Field,Bat,Royal Challengers Bangalore,Wankhede Stadium,Humid,258
Rajasthan Royals,Chennai Super Kings,Chennai Super Kings,Rajasthan Royals,Field,Bat,Chennai Super Kings,Sawai Mansingh Stadium,Humid,259
Royal Challengers Bangalore,Pune Warriors,Pune Warriors,Royal Challengers Bangalore,Field,Bat,Royal Challengers Bangalore,Subrata Roy Sahara Stadium,Humid,260
Mumbai Indians,Kolkata Knight Riders,Mumbai Indians,Kolkata Knight Riders,Bat,Field,Mumbai Indians,Eden Gardens,Dry,261
Delhi Daredevils,Chennai Super Kings,Chennai Super Kings,Delhi Daredevils,Field,Bat,Chennai Super Kings,MA Chidambaram Stadium,Sunny,262
Rajasthan Royals,Pune Warriors,Rajasthan Royals,Pune Warriors,Bat,Field,Rajasthan Royals,Sawai Mansingh Stadium,Dry,263
Royal Challengers Bangalore,Mumbai Indians,Mumbai Indians,Royal Challengers Bangalore,Field,Bat,Mumbai Indians,M Chinnaswamy Stadium,Dry,264
Kolkata Knight Riders,Chennai Super Kings,Chennai Super Kings,Kolkata Knight Riders,Field,Bat,Chennai Super Kings,Eden Gardens,Humid,265
Kings XI Punjab,Delhi Daredevils,Kings XI Punjab,Delhi Daredevils,Bat,Field,Delhi Daredevils,Feroz Shah Kotla,Dry,266
Kolkata Knight Riders,Mumbai Indians,Mumbai Indians,Kolkata Knight Riders,Field,Bat,Kolkata Knight Riders,Wankhede Stadium,Dry,267
Chennai Super Kings,Kings XI Punjab,Kings XI Punjab,Chennai Super Kings,Field,Bat,Kings XI Punjab,Himachal Pradesh Cricket Association Stadium,Dry,268
Royal Challengers Bangalore,Delhi Daredevils,Delhi Daredevils,Royal Challengers Bangalore,Field,Bat,Royal Challengers Bangalore,Feroz Shah Kotla,Dry,269
Kings XI Punjab,Delhi Daredevils,Delhi Daredevils,Kings XI Punjab,Field,Bat,Delhi Daredevils,Himachal Pradesh Cricket Association Stadium,Sunny,270
Kolkata Knight Riders,Pune Warriors,Kolkata Knight Riders,Pune Warriors,Bat,Field,Kolkata Knight Riders,Subrata Roy Sahara Stadium,Humid,271
Rajasthan Royals,Mumbai Indians,Rajasthan Royals,Mumbai Indians,Bat,Field,Mumbai Indians,Sawai Mansingh Stadium,Dry,272
Kolkata Knight Riders,Delhi Daredevils,Kolkata Knight Riders,Delhi Daredevils,Bat,Field,Kolkata Knight Riders,Subrata Roy Sahara Stadium,Sunny,273
Chennai Super Kings,Mumbai Indians,Mumbai Indians,Chennai Super Kings,Field,Bat,Chennai Super Kings,M Chinnaswamy Stadium,Sunny,274
Chennai Super Kings,Delhi Daredevils,Delhi Daredevils,Chennai Super Kings,Field,Bat,Chennai Super Kings,MA Chidambaram Stadium,Humid,275
Chennai Super Kings,Kolkata Knight Riders,Chennai Super Kings,Kolkata Knight Riders,Bat,Field,Kolkata Knight Riders,MA Chidambaram Stadium,Humid,276
Delhi Daredevils,Kolkata Knight Riders,Kolkata Knight Riders,Delhi Daredevils,Field,Bat,Kolkata Knight Riders,Eden Gardens,Humid,277
Royal Challengers Bangalore,Mumbai Indians,Mumbai Indians,Royal Challengers Bangalore,Field,Bat,Royal Challengers Bangalore,M Chinnaswamy Stadium,Dry,278
Sunrisers Hyderabad,Pune Warriors,Pune Warriors,Sunrisers Hyderabad,Field,Bat,Sunrisers Hyderabad,Rajiv Gandhi International Stadium,Humid,279
Rajasthan Royals,Delhi Daredevils,Rajasthan Royals,Delhi Daredevils,Bat,Field,Rajasthan Royals,Feroz Shah Kotla,Humid,280
Mumbai Indians,Chennai Super Kings,Mumbai Indians,Chennai Super Kings,Bat,Field,Mumbai Indians,MA Chidambaram Stadium,Humid,281
Pune Warriors,Kings XI Punjab,Pune Warriors,Kings XI Punjab,Bat,Field,Kings XI Punjab,Subrata Roy Sahara Stadium,Humid,282
Royal Challengers Bangalore,Sunrisers Hyderabad,Royal Challengers Bangalore,Sunrisers Hyderabad,Bat,Field,Sunrisers Hyderabad,Rajiv Gandhi International Stadium,Humid,283
Rajasthan Royals,Kolkata Knight Riders,Kolkata Knight Riders,Rajasthan Royals,Field,Bat,Rajasthan Royals,Sawai Mansingh Stadium,Humid,284
Mumbai Indians,Delhi Daredevils,Mumbai Indians,Delhi Daredevils,Bat,Field,Mumbai Indians,Wankhede Stadium,Humid,285
Kings XI Punjab,Chennai Super Kings,Chennai Super Kings,Kings XI Punjab,Field,Bat,Chennai Super Kings,Punjab Cricket Association Stadium,Humid,286
Kolkata Knight Riders,Royal Challengers Bangalore,Royal Challengers Bangalore,Kolkata Knight Riders,Field,Bat,Royal Challengers Bangalore,M Chinnaswamy Stadium,Dry,287
Rajasthan Royals,Pune Warriors,Rajasthan Royals,Pune Warriors,Bat,Field,Pune Warriors,Subrata Roy Sahara Stadium,Humid,288
Delhi Daredevils,Sunrisers Hyderabad,Delhi Daredevils,Sunrisers Hyderabad,Bat,Field,Sunrisers Hyderabad,Feroz Shah Kotla,Humid,289
Mumbai Indians,Pune Warriors,Mumbai Indians,Pune Warriors,Bat,Field,Mumbai Indians,Wankhede Stadium,Humid,290
Royal Challengers Bangalore,Chennai Super Kings,Chennai Super Kings,Royal Challengers Bangalore,Field,Bat,Chennai Super Kings,MA Chidambaram Stadium,Humid,291
Kolkata Knight Riders,Sunrisers Hyderabad,Kolkata Knight Riders,Sunrisers Hyderabad,Bat,Field,Kolkata Knight Riders,Eden Gardens,Humid,292
Kings XI Punjab,Rajasthan Royals,Rajasthan Royals,Kings XI Punjab,Field,Bat,Rajasthan Royals,Sawai Mansingh Stadium,Humid,293
Pune Warriors,Chennai Super Kings,Pune Warriors,Chennai Super Kings,Bat,Field,Pune Warriors,MA Chidambaram Stadium,Humid,294
Kings XI Punjab,Kolkata Knight Riders,Kolkata Knight Riders,Kings XI Punjab,Field,Bat,Kings XI Punjab,Punjab Cricket Association Stadium,Humid,295
Delhi Daredevils,Royal Challengers Bangalore,Royal Challengers Bangalore,Delhi Daredevils,Field,Bat,Royal Challengers Bangalore,M Chinnaswamy Stadium,Humid,296
Sunrisers Hyderabad,Pune Warriors,Pune Warriors,Sunrisers Hyderabad,Field,Bat,Sunrisers Hyderabad,Subrata Roy Sahara Stadium,Humid,297
Rajasthan Royals,Mumbai Indians,Rajasthan Royals,Mumbai Indians,Bat,Field,Rajasthan Royals,Sawai Mansingh Stadium,Humid,298
Chennai Super Kings,Delhi Daredevils,Chennai Super Kings,Delhi Daredevils,Bat,Field,Chennai Super Kings,Feroz Shah Kotla,Humid,299
Kings XI Punjab,Sunrisers Hyderabad,Kings XI Punjab,Sunrisers Hyderabad,Bat,Field,Sunrisers Hyderabad,Rajiv Gandhi International Stadium,Humid,300
Kolkata Knight Riders,Chennai Super Kings,Kolkata Knight Riders,Chennai Super Kings,Bat,Field,Chennai Super Kings,Eden Gardens,Humid,301
Rajasthan Royals,Royal Challengers Bangalore,Royal Challengers Bangalore,Rajasthan Royals,Field,Bat,Royal Challengers Bangalore,M Chinnaswamy Stadium,Humid,302
Mumbai Indians,Delhi Daredevils,Mumbai Indians,Delhi Daredevils,Bat,Field,Delhi Daredevils,Feroz Shah Kotla,Humid,303
Pune Warriors,Kings XI Punjab,Kings XI Punjab,Pune Warriors,Field,Bat,Kings XI Punjab,Punjab Cricket Association Stadium,Sunny,304
Rajasthan Royals,Chennai Super Kings,Rajasthan Royals,Chennai Super Kings,Bat,Field,Chennai Super Kings,MA Chidambaram Stadium,Sunny,305
Royal Challengers Bangalore,Pune Warriors,Pune Warriors,Royal Challengers Bangalore,Field,Bat,Royal Challengers Bangalore,M Chinnaswamy Stadium,Sunny,306
Kings XI Punjab,Delhi Daredevils,Delhi Daredevils,Kings XI Punjab,Field,Bat,Kings XI Punjab,Himachal Pradesh Cricket Association Stadium,Humid,307
Kolkata Knight Riders,Mumbai Indians,Kolkata Knight Riders,Mumbai Indians,Bat,Field,Mumbai Indians,Eden Gardens,Sunny,308
Sunrisers Hyderabad,Chennai Super Kings,Sunrisers Hyderabad,Chennai Super Kings,Bat,Field,Chennai Super Kings,MA Chidambaram Stadium,Humid,309
Kings XI Punjab,Kolkata Knight Riders,Kings XI Punjab,Kolkata Knight Riders,Bat,Field,Kolkata Knight Riders,Eden Gardens,Humid,310
Sunrisers Hyderabad,Rajasthan Royals,Sunrisers Hyderabad,Rajasthan Royals,Bat,Field,Rajasthan Royals,Sawai Mansingh Stadium,Humid,311
Mumbai Indians,Royal Challengers Bangalore,Mumbai Indians,Royal Challengers Bangalore,Bat,Field,Mumbai Indians,Wankhede Stadium,Humid,312
Chennai Super Kings,Kolkata Knight Riders,Kolkata Knight Riders,Chennai Super Kings,Field,Bat,Chennai Super Kings,MA Chidambaram Stadium,Humid,313
Delhi Daredevils,Pune Warriors,Pune Warriors,Delhi Daredevils,Field,Bat,Delhi Daredevils,Shaheed Veer Narayan Singh International Stadium,Humid,314
Royal Challengers Bangalore,Rajasthan Royals,Rajasthan Royals,Royal Challengers Bangalore,Field,Bat,Rajasthan Royals,Sawai Mansingh Stadium,Sunny,315
Mumbai Indians,Kings XI Punjab,Mumbai Indians,Kings XI Punjab,Bat,Field,Mumbai Indians,Wankhede Stadium,Humid,316
Chennai Super Kings,Pune Warriors,Chennai Super Kings,Pune Warriors,Bat,Field,Chennai Super Kings,Subrata Roy Sahara Stadium,Humid,317
Mumbai Indians,Sunrisers Hyderabad,Mumbai Indians,Sunrisers Hyderabad,Bat,Field,Sunrisers Hyderabad,Rajiv Gandhi International Stadium,Humid,318
Kolkata Knight Riders,Delhi Daredevils,Kolkata Knight Riders,Delhi Daredevils,Bat,Field,Delhi Daredevils,Shaheed Veer Narayan Singh International Stadium,Humid,319
Chennai Super Kings,Kings XI Punjab,Chennai Super Kings,Kings XI Punjab,Bat,Field,Chennai Super Kings,MA Chidambaram Stadium,Humid,320
Royal Challengers Bangalore,Pune Warriors,Royal Challengers Bangalore,Pune Warriors,Bat,Field,Royal Challengers Bangalore,Subrata Roy Sahara Stadium,Sunny,321
Rajasthan Royals,Kolkata Knight Riders,Rajasthan Royals,Kolkata Knight Riders,Bat,Field,Kolkata Knight Riders,Eden Gardens,Humid,322
Delhi Daredevils,Sunrisers Hyderabad,Delhi Daredevils,Sunrisers Hyderabad,Bat,Field,Sunrisers Hyderabad,Rajiv Gandhi International Stadium,Humid,323
Royal Challengers Bangalore,Kings XI Punjab,Kings XI Punjab,Royal Challengers Bangalore,Field,Bat,Kings XI Punjab,M Chinnaswamy Stadium,Humid,324
Mumbai Indians,Chennai Super Kings,Mumbai Indians,Chennai Super Kings,Bat,Field,Mumbai Indians,Wankhede Stadium,Humid,325
Pune Warriors,Rajasthan Royals,Pune Warriors,Rajasthan Royals,Bat,Field,Rajasthan Royals,Sawai Mansingh Stadium,Humid,326
Sunrisers Hyderabad,Royal Challengers Bangalore,Sunrisers Hyderabad,Royal Challengers Bangalore,Bat,Field,Royal Challengers Bangalore,M Chinnaswamy Stadium,Humid,327
Delhi Daredevils,Rajasthan Royals,Delhi Daredevils,Rajasthan Royals,Bat,Field,Rajasthan Royals,Sawai Mansingh Stadium,Humid,328
Mumbai Indians,Kolkata Knight Riders,Mumbai Indians,Kolkata Knight Riders,Bat,Field,Mumbai Indians,Wankhede Stadium,Humid,329
Chennai Super Kings,Sunrisers Hyderabad,Sunrisers Hyderabad,Chennai Super Kings,Field,Bat,Chennai Super Kings,Rajiv Gandhi International Stadium,Humid,330
Kings XI Punjab,Rajasthan Royals,Rajasthan Royals,Kings XI Punjab,Field,Bat,Rajasthan Royals,Punjab Cricket Association Stadium,Humid,331
Kolkata Knight Riders,Pune Warriors,Kolkata Knight Riders,Pune Warriors,Bat,Field,Kolkata Knight Riders,Subrata Roy Sahara Stadium,Humid,332
Royal Challengers Bangalore,Delhi Daredevils,Delhi Daredevils,Royal Challengers Bangalore,Field,Bat,Royal Challengers Bangalore,Feroz Shah Kotla,Humid,333
Pune Warriors,Mumbai Indians,Pune Warriors,Mumbai Indians,Bat,Field,Mumbai Indians,Subrata Roy Sahara Stadium,Humid,334
Sunrisers Hyderabad,Kings XI Punjab,Kings XI Punjab,Sunrisers Hyderabad,Field,Bat,Sunrisers Hyderabad,Punjab Cricket Association Stadium,Sunny,335
Royal Challengers Bangalore,Kolkata Knight Riders,Kolkata Knight Riders,Royal Challengers Bangalore,Field,Bat,Kolkata Knight Riders,JSCA International Stadium Complex,Sunny,336
Chennai Super Kings,Rajasthan Royals,Rajasthan Royals,Chennai Super Kings,Field,Bat,Rajasthan Royals,Sawai Mansingh Stadium,Sunny,337
Delhi Daredevils,Kings XI Punjab,Kings XI Punjab,Delhi Daredevils,Field,Bat,Kings XI Punjab,Feroz Shah Kotla,Sunny,338
Sunrisers Hyderabad,Mumbai Indians,Sunrisers Hyderabad,Mumbai Indians,Bat,Field,Mumbai Indians,Wankhede Stadium,Humid,339
Pune Warriors,Kolkata Knight Riders,Kolkata Knight Riders,Pune Warriors,Field,Bat,Pune Warriors,JSCA International Stadium Complex,Sunny,340
Chennai Super Kings,Delhi Daredevils,Chennai Super Kings,Delhi Daredevils,Bat,Field,Chennai Super Kings,MA Chidambaram Stadium,Sunny,341
Mumbai Indians,Rajasthan Royals,Rajasthan Royals,Mumbai Indians,Field,Bat,Mumbai Indians,Wankhede Stadium,Sunny,342
Royal Challengers Bangalore,Kings XI Punjab,Kings XI Punjab,Royal Challengers Bangalore,Field,Bat,Kings XI Punjab,Punjab Cricket Association Stadium,Humid,343
Sunrisers Hyderabad,Rajasthan Royals,Sunrisers Hyderabad,Rajasthan Royals,Bat,Field,Sunrisers Hyderabad,Rajiv Gandhi International Stadium,Sunny,344
Kings XI Punjab,Mumbai Indians,Mumbai Indians,Kings XI Punjab,Field,Bat,Kings XI Punjab,Himachal Pradesh Cricket Association Stadium,Humid,345
Pune Warriors,Delhi Daredevils,Pune Warriors,Delhi Daredevils,Bat,Field,Pune Warriors,Subrata Roy Sahara Stadium,Sunny,346
Royal Challengers Bangalore,Chennai Super Kings,Chennai Super Kings,Royal Challengers Bangalore,Field,Bat,Royal Challengers Bangalore,M Chinnaswamy Stadium,Humid,347
Kolkata Knight Riders,Sunrisers Hyderabad,Kolkata Knight Riders,Sunrisers Hyderabad,Bat,Field,Sunrisers Hyderabad,Rajiv Gandhi International Stadium,Humid,348
Chennai Super Kings,Mumbai Indians,Chennai Super Kings,Mumbai Indians,Bat,Field,Chennai Super Kings,Feroz Shah Kotla,Humid,349
Sunrisers Hyderabad,Rajasthan Royals,Sunrisers Hyderabad,Rajasthan Royals,Bat,Field,Rajasthan Royals,Feroz Shah Kotla,Humid,350
Rajasthan Royals,Mumbai Indians,Rajasthan Royals,Mumbai Indians,Bat,Field,Mumbai Indians,Eden Gardens,Humid,351
Mumbai Indians,Chennai Super Kings,Mumbai Indians,Chennai Super Kings,Bat,Field,Mumbai Indians,Eden Gardens,Sunny,352
Kolkata Knight Riders,Mumbai Indians,Kolkata Knight Riders,Mumbai Indians,Bat,Field,Kolkata Knight Riders,Sheikh Zayed Stadium,Sunny,353
Delhi Daredevils,Royal Challengers Bangalore,Royal Challengers Bangalore,Delhi Daredevils,Field,Bat,Royal Challengers Bangalore,Sharjah Cricket Stadium,Sunny,354
Chennai Super Kings,Kings XI Punjab,Chennai Super Kings,Kings XI Punjab,Bat,Field,Kings XI Punjab,Sheikh Zayed Stadium,Humid,355
Sunrisers Hyderabad,Rajasthan Royals,Rajasthan Royals,Sunrisers Hyderabad,Field,Bat,Rajasthan Royals,Sheikh Zayed Stadium,Sunny,356
Mumbai Indians,Royal Challengers Bangalore,Royal Challengers Bangalore,Mumbai Indians,Field,Bat,Royal Challengers Bangalore,Dubai International Cricket Stadium,Sunny,357
Kolkata Knight Riders,Delhi Daredevils,Kolkata Knight Riders,Delhi Daredevils,Bat,Field,Delhi Daredevils,Dubai International Cricket Stadium,Humid,358
Rajasthan Royals,Kings XI Punjab,Kings XI Punjab,Rajasthan Royals,Field,Bat,Kings XI Punjab,Sharjah Cricket Stadium,Humid,359
Chennai Super Kings,Delhi Daredevils,Chennai Super Kings,Delhi Daredevils,Bat,Field,Chennai Super Kings,Sheikh Zayed Stadium,Humid,360
Kings XI Punjab,Sunrisers Hyderabad,Sunrisers Hyderabad,Kings XI Punjab,Field,Bat,Kings XI Punjab,Sharjah Cricket Stadium,Humid,361
Chennai Super Kings,Rajasthan Royals,Rajasthan Royals,Chennai Super Kings,Field,Bat,Chennai Super Kings,Dubai International Cricket Stadium,Humid,362
Kolkata Knight Riders,Royal Challengers Bangalore,Royal Challengers Bangalore,Kolkata Knight Riders,Field,Bat,Kolkata Knight Riders,Sharjah Cricket Stadium,Humid,363
Sunrisers Hyderabad,Delhi Daredevils,Sunrisers Hyderabad,Delhi Daredevils,Bat,Field,Sunrisers Hyderabad,Dubai International Cricket Stadium,Sunny,364
Mumbai Indians,Chennai Super Kings,Mumbai Indians,Chennai Super Kings,Bat,Field,Chennai Super Kings,Dubai International Cricket Stadium,Humid,365
Royal Challengers Bangalore,Rajasthan Royals,Rajasthan Royals,Royal Challengers Bangalore,Field,Bat,Rajasthan Royals,Sheikh Zayed Stadium,Sunny,366
Kings XI Punjab,Kolkata Knight Riders,Kolkata Knight Riders,Kings XI Punjab,Field,Bat,Kings XI Punjab,Sheikh Zayed Stadium,Humid,367
Mumbai Indians,Delhi Daredevils,Mumbai Indians,Delhi Daredevils,Bat,Field,Delhi Daredevils,Sharjah Cricket Stadium,Sunny,368
Sunrisers Hyderabad,Chennai Super Kings,Sunrisers Hyderabad,Chennai Super Kings,Bat,Field,Chennai Super Kings,Sharjah Cricket Stadium,Sunny,369
Royal Challengers Bangalore,Kings XI Punjab,Kings XI Punjab,Royal Challengers Bangalore,Field,Bat,Kings XI Punjab,Dubai International Cricket Stadium,Humid,370
Rajasthan Royals,Kolkata Knight Riders,Rajasthan Royals,Kolkata Knight Riders,Bat,Field,Rajasthan Royals,Sheikh Zayed Stadium,Humid,371
Sunrisers Hyderabad,Mumbai Indians,Mumbai Indians,Sunrisers Hyderabad,Field,Bat,Sunrisers Hyderabad,Dubai International Cricket Stadium,Sunny,372
Chennai Super Kings,Kolkata Knight Riders,Chennai Super Kings,Kolkata Knight Riders,Bat,Field,Chennai Super Kings,JSCA International Stadium Complex,Sunny,373
Kings XI Punjab,Mumbai Indians,Kings XI Punjab,Mumbai Indians,Bat,Field,Mumbai Indians,Wankhede Stadium,Humid,374
Delhi Daredevils,Rajasthan Royals,Rajasthan Royals,Delhi Daredevils,Field,Bat,Rajasthan Royals,Feroz Shah Kotla,Sunny,375
Sunrisers Hyderabad,Royal Challengers Bangalore,Royal Challengers Bangalore,Sunrisers Hyderabad,Field,Bat,Royal Challengers Bangalore,M Chinnaswamy Stadium,Sunny,376
Rajasthan Royals,Kolkata Knight Riders,Kolkata Knight Riders,Rajasthan Royals,Field,Bat,Rajasthan Royals,Sardar Patel Stadium,Humid,377
Delhi Daredevils,Chennai Super Kings,Chennai Super Kings,Delhi Daredevils,Field,Bat,Chennai Super Kings,Feroz Shah Kotla,Humid,378
Mumbai Indians,Royal Challengers Bangalore,Royal Challengers Bangalore,Mumbai Indians,Field,Bat,Mumbai Indians,Wankhede Stadium,Humid,379
Delhi Daredevils,Kolkata Knight Riders,Delhi Daredevils,Kolkata Knight Riders,Bat,Field,Kolkata Knight Riders,Feroz Shah Kotla,Humid,380
Kings XI Punjab,Chennai Super Kings,Chennai Super Kings,Kings XI Punjab,Field,Bat,Kings XI Punjab,BaraBati Stadium,Humid,381
Sunrisers Hyderabad,Rajasthan Royals,Rajasthan Royals,Sunrisers Hyderabad,Field,Bat,Sunrisers Hyderabad,Sardar Patel Stadium,Humid,382
Kings XI Punjab,Royal Challengers Bangalore,Royal Challengers Bangalore,Kings XI Punjab,Field,Bat,Kings XI Punjab,M Chinnaswamy Stadium,Humid,383
Delhi Daredevils,Sunrisers Hyderabad,Sunrisers Hyderabad,Delhi Daredevils,Field,Bat,Sunrisers Hyderabad,Feroz Shah Kotla,Humid,384
Mumbai Indians,Chennai Super Kings,Chennai Super Kings,Mumbai Indians,Field,Bat,Chennai Super Kings,Wankhede Stadium,Humid,385
Kings XI Punjab,Kolkata Knight Riders,Kolkata Knight Riders,Kings XI Punjab,Field,Bat,Kolkata Knight Riders,BaraBati Stadium,Humid,386
Royal Challengers Bangalore,Rajasthan Royals,Royal Challengers Bangalore,Rajasthan Royals,Bat,Field,Rajasthan Royals,M Chinnaswamy Stadium,Humid,387
Sunrisers Hyderabad,Mumbai Indians,Sunrisers Hyderabad,Mumbai Indians,Bat,Field,Mumbai Indians,Rajiv Gandhi International Stadium,Humid,388
Rajasthan Royals,Chennai Super Kings,Rajasthan Royals,Chennai Super Kings,Bat,Field,Chennai Super Kings,JSCA International Stadium Complex,Humid,389
Royal Challengers Bangalore,Delhi Daredevils,Delhi Daredevils,Royal Challengers Bangalore,Field,Bat,Royal Challengers Bangalore,M Chinnaswamy Stadium,Humid,390
Sunrisers Hyderabad,Kings XI Punjab,Kings XI Punjab,Sunrisers Hyderabad,Field,Bat,Kings XI Punjab,Rajiv Gandhi International Stadium,Sunny,391
Mumbai Indians,Kolkata Knight Riders,Kolkata Knight Riders,Mumbai Indians,Field,Bat,Kolkata Knight Riders,BaraBati Stadium,Sunny,392
Rajasthan Royals,Delhi Daredevils,Delhi Daredevils,Rajasthan Royals,Field,Bat,Rajasthan Royals,Sardar Patel Stadium,Humid,393
Chennai Super Kings,Royal Challengers Bangalore,Chennai Super Kings,Royal Challengers Bangalore,Bat,Field,Royal Challengers Bangalore,JSCA International Stadium Complex,Sunny,394
Sunrisers Hyderabad,Kolkata Knight Riders,Sunrisers Hyderabad,Kolkata Knight Riders,Bat,Field,Kolkata Knight Riders,Rajiv Gandhi International Stadium,Sunny,395
Mumbai Indians,Rajasthan Royals,Mumbai Indians,Rajasthan Royals,Bat,Field,Mumbai Indians,Sardar Patel Stadium,Sunny,396
Delhi Daredevils,Kings XI Punjab,Kings XI Punjab,Delhi Daredevils,Field,Bat,Kings XI Punjab,Feroz Shah Kotla,Sunny,397
Royal Challengers Bangalore,Sunrisers Hyderabad,Royal Challengers Bangalore,Sunrisers Hyderabad,Bat,Field,Sunrisers Hyderabad,Rajiv Gandhi International Stadium,Sunny,398
Chennai Super Kings,Kolkata Knight Riders,Kolkata Knight Riders,Chennai Super Kings,Field,Bat,Kolkata Knight Riders,Eden Gardens,Humid,399
Kings XI Punjab,Mumbai Indians,Mumbai Indians,Kings XI Punjab,Field,Bat,Mumbai Indians,Punjab Cricket Association Stadium,Sunny,400
Kolkata Knight Riders,Royal Challengers Bangalore,Royal Challengers Bangalore,Kolkata Knight Riders,Field,Bat,Kolkata Knight Riders,Eden Gardens,Sunny,401
Chennai Super Kings,Sunrisers Hyderabad,Sunrisers Hyderabad,Chennai Super Kings,Field,Bat,Sunrisers Hyderabad,JSCA International Stadium Complex,Sunny,402
Mumbai Indians,Delhi Daredevils,Delhi Daredevils,Mumbai Indians,Field,Bat,Mumbai Indians,Wankhede Stadium,Sunny,403
Kings XI Punjab,Rajasthan Royals,Rajasthan Royals,Kings XI Punjab,Field,Bat,Kings XI Punjab,Punjab Cricket Association Stadium,Humid,404
Royal Challengers Bangalore,Chennai Super Kings,Chennai Super Kings,Royal Challengers Bangalore,Field,Bat,Chennai Super Kings,M Chinnaswamy Stadium,Sunny,405
Sunrisers Hyderabad,Kolkata Knight Riders,Kolkata Knight Riders,Sunrisers Hyderabad,Field,Bat,Kolkata Knight Riders,Eden Gardens,Sunny,406
Delhi Daredevils,Kings XI Punjab,Kings XI Punjab,Delhi Daredevils,Field,Bat,Kings XI Punjab,Punjab Cricket Association Stadium,Humid,407
Rajasthan Royals,Mumbai Indians,Mumbai Indians,Rajasthan Royals,Field,Bat,Mumbai Indians,Wankhede Stadium,Sunny,408
Kolkata Knight Riders,Kings XI Punjab,Kings XI Punjab,Kolkata Knight Riders,Field,Bat,Kolkata Knight Riders,Eden Gardens,Sunny,409
Mumbai Indians,Chennai Super Kings,Chennai Super Kings,Mumbai Indians,Field,Bat,Chennai Super Kings,Brabourne Stadium,Sunny,410
Kings XI Punjab,Chennai Super Kings,Chennai Super Kings,Kings XI Punjab,Field,Bat,Kings XI Punjab,Wankhede Stadium,Sunny,411
Kings XI Punjab,Kolkata Knight Riders,Kolkata Knight Riders,Kings XI Punjab,Field,Bat,Kolkata Knight Riders,M Chinnaswamy Stadium,Sunny,412
Mumbai Indians,Kolkata Knight Riders,Kolkata Knight Riders,Mumbai Indians,Field,Bat,Kolkata Knight Riders,Eden Gardens,Humid,413
Chennai Super Kings,Delhi Daredevils,Delhi Daredevils,Chennai Super Kings,Field,Bat,Chennai Super Kings,MA Chidambaram Stadium,Sunny,414
Rajasthan Royals,Kings XI Punjab,Kings XI Punjab,Rajasthan Royals,Field,Bat,Rajasthan Royals,Maharashtra Cricket Association Stadium,Sunny,415
Chennai Super Kings,Sunrisers Hyderabad,Chennai Super Kings,Sunrisers Hyderabad,Bat,Field,Chennai Super Kings,MA Chidambaram Stadium,Sunny,416
Kolkata Knight Riders,Royal Challengers Bangalore,Royal Challengers Bangalore,Kolkata Knight Riders,Field,Bat,Royal Challengers Bangalore,Eden Gardens,Humid,417
Delhi Daredevils,Rajasthan Royals,Rajasthan Royals,Delhi Daredevils,Field,Bat,Rajasthan Royals,Feroz Shah Kotla,Sunny,418
Kings XI Punjab,Mumbai Indians,Mumbai Indians,Kings XI Punjab,Field,Bat,Kings XI Punjab,Wankhede Stadium,Sunny,419
Royal Challengers Bangalore,Sunrisers Hyderabad,Sunrisers Hyderabad,Royal Challengers Bangalore,Field,Bat,Sunrisers Hyderabad,M Chinnaswamy Stadium,Sunny,420
Mumbai Indians,Rajasthan Royals,Mumbai Indians,Rajasthan Royals,Bat,Field,Rajasthan Royals,Sardar Patel Stadium,Sunny,421
Chennai Super Kings,Kolkata Knight Riders,Kolkata Knight Riders,Chennai Super Kings,Field,Bat,Kolkata Knight Riders,Eden Gardens,Sunny,422
Kings XI Punjab,Delhi Daredevils,Kings XI Punjab,Delhi Daredevils,Bat,Field,Delhi Daredevils,Maharashtra Cricket Association Stadium,Humid,423
Sunrisers Hyderabad,Rajasthan Royals,Rajasthan Royals,Sunrisers Hyderabad,Field,Bat,Rajasthan Royals,Dr. Y.S. Rajasekhara Reddy ACA-VDCA Cricket Stadium,Sunny,424
Mumbai Indians,Chennai Super Kings,Mumbai Indians,Chennai Super Kings,Bat,Field,Chennai Super Kings,Wankhede Stadium,Sunny,425
Delhi Daredevils,Sunrisers Hyderabad,Delhi Daredevils,Sunrisers Hyderabad,Bat,Field,Delhi Daredevils,Dr. Y.S. Rajasekhara Reddy ACA-VDCA Cricket Stadium,Sunny,426
Kings XI Punjab,Kolkata Knight Riders,Kolkata Knight Riders,Kings XI Punjab,Field,Bat,Kolkata Knight Riders,Maharashtra Cricket Association Stadium,Humid,427
Chennai Super Kings,Rajasthan Royals,Chennai Super Kings,Rajasthan Royals,Bat,Field,Rajasthan Royals,Sardar Patel Stadium,Sunny,428
Mumbai Indians,Royal Challengers Bangalore,Royal Challengers Bangalore,Mumbai Indians,Field,Bat,Mumbai Indians,M Chinnaswamy Stadium,Sunny,429
Delhi Daredevils,Kolkata Knight Riders,Kolkata Knight Riders,Delhi Daredevils,Field,Bat,Kolkata Knight Riders,Feroz Shah Kotla,Sunny,430
Rajasthan Royals,Kings XI Punjab,Kings XI Punjab,Rajasthan Royals,Field,Bat,Kings XI Punjab,Sardar Patel Stadium,Sunny,431
Sunrisers Hyderabad,Kolkata Knight Riders,Kolkata Knight Riders,Sunrisers Hyderabad,Field,Bat,Sunrisers Hyderabad,Dr. Y.S. Rajasekhara Reddy ACA-VDCA Cricket Stadium,Sunny,432
Chennai Super Kings,Royal Challengers Bangalore,Royal Challengers Bangalore,Chennai Super Kings,Field,Bat,Chennai Super Kings,M Chinnaswamy Stadium,Sunny,433
Delhi Daredevils,Mumbai Indians,Mumbai Indians,Delhi Daredevils,Field,Bat,Delhi Daredevils,Feroz Shah Kotla,Sunny,434
Rajasthan Royals,Royal Challengers Bangalore,Royal Challengers Bangalore,Rajasthan Royals,Field,Bat,Royal Challengers Bangalore,Sardar Patel Stadium,Humid,435
Mumbai Indians,Sunrisers Hyderabad,Mumbai Indians,Sunrisers Hyderabad,Bat,Field,Mumbai Indians,Wankhede Stadium,Sunny,436
Chennai Super Kings,Kings XI Punjab,Chennai Super Kings,Kings XI Punjab,Bat,Field,Chennai Super Kings,MA Chidambaram Stadium,Sunny,437
Delhi Daredevils,Royal Challengers Bangalore,Royal Challengers Bangalore,Delhi Daredevils,Field,Bat,Royal Challengers Bangalore,Feroz Shah Kotla,Sunny,438
Sunrisers Hyderabad,Kings XI Punjab,Kings XI Punjab,Sunrisers Hyderabad,Field,Bat,Sunrisers Hyderabad,Punjab Cricket Association Stadium,Sunny,439
Kolkata Knight Riders,Delhi Daredevils,Kolkata Knight Riders,Delhi Daredevils,Bat,Field,Kolkata Knight Riders,Eden Gardens,Sunny,440
Chennai Super Kings,Kolkata Knight Riders,Kolkata Knight Riders,Chennai Super Kings,Field,Bat,Chennai Super Kings,MA Chidambaram Stadium,Sunny,441
Kings XI Punjab,Delhi Daredevils,Delhi Daredevils,Kings XI Punjab,Field,Bat,Delhi Daredevils,Feroz Shah Kotla,Humid,442
Mumbai Indians,Rajasthan Royals,Rajasthan Royals,Mumbai Indians,Field,Bat,Mumbai Indians,Wankhede Stadium,Sunny,443
Kolkata Knight Riders,Royal Challengers Bangalore,Royal Challengers Bangalore,Kolkata Knight Riders,Field,Bat,Royal Challengers Bangalore,M Chinnaswamy Stadium,Sunny,444
Sunrisers Hyderabad,Chennai Super Kings,Chennai Super Kings,Sunrisers Hyderabad,Field,Bat,Sunrisers Hyderabad,Rajiv Gandhi International Stadium,Sunny,445
Mumbai Indians,Kings XI Punjab,Mumbai Indians,Kings XI Punjab,Bat,Field,Mumbai Indians,Punjab Cricket Association Stadium,Sunny,446
Rajasthan Royals,Delhi Daredevils,Delhi Daredevils,Rajasthan Royals,Field,Bat,Rajasthan Royals,Brabourne Stadium,Sunny,447
Chennai Super Kings,Royal Challengers Bangalore,Chennai Super Kings,Royal Challengers Bangalore,Bat,Field,Chennai Super Kings,MA Chidambaram Stadium,Humid,448
Kolkata Knight Riders,Sunrisers Hyderabad,Sunrisers Hyderabad,Kolkata Knight Riders,Field,Bat,Kolkata Knight Riders,Eden Gardens,Sunny,449
Delhi Daredevils,Mumbai Indians,Delhi Daredevils,Mumbai Indians,Bat,Field,Mumbai Indians,Wankhede Stadium,Sunny,450
Royal Challengers Bangalore,Kings XI Punjab,Kings XI Punjab,Royal Challengers Bangalore,Field,Bat,Royal Challengers Bangalore,M Chinnaswamy Stadium,Sunny,451
Sunrisers Hyderabad,Rajasthan Royals,Rajasthan Royals,Sunrisers Hyderabad,Field,Bat,Sunrisers Hyderabad,Brabourne Stadium,Sunny,452
Chennai Super Kings,Mumbai Indians,Chennai Super Kings,Mumbai Indians,Bat,Field,Mumbai Indians,MA Chidambaram Stadium,Humid,453
Kings XI Punjab,Kolkata Knight Riders,Kings XI Punjab,Kolkata Knight Riders,Bat,Field,Kolkata Knight Riders,Eden Gardens,Sunny,454
Sunrisers Hyderabad,Delhi Daredevils,Sunrisers Hyderabad,Delhi Daredevils,Bat,Field,Sunrisers Hyderabad,Shaheed Veer Narayan Singh International Stadium,Sunny,455
Royal Challengers Bangalore,Mumbai Indians,Royal Challengers Bangalore,Mumbai Indians,Bat,Field,Royal Challengers Bangalore,Wankhede Stadium,Sunny,456
Chennai Super Kings,Rajasthan Royals,Chennai Super Kings,Rajasthan Royals,Bat,Field,Chennai Super Kings,MA Chidambaram Stadium,Sunny,457
Sunrisers Hyderabad,Kings XI Punjab,Sunrisers Hyderabad,Kings XI Punjab,Bat,Field,Sunrisers Hyderabad,Rajiv Gandhi International Stadium,Sunny,458
Chennai Super Kings,Delhi Daredevils,Chennai Super Kings,Delhi Daredevils,Bat,Field,Delhi Daredevils,Shaheed Veer Narayan Singh International Stadium,Humid,459
Kings XI Punjab,Royal Challengers Bangalore,Royal Challengers Bangalore,Kings XI Punjab,Field,Bat,Kings XI Punjab,Punjab Cricket Association Stadium,Sunny,460
Mumbai Indians,Kolkata Knight Riders,Kolkata Knight Riders,Mumbai Indians,Field,Bat,Mumbai Indians,Wankhede Stadium,Sunny,461
Sunrisers Hyderabad,Royal Challengers Bangalore,Sunrisers Hyderabad,Royal Challengers Bangalore,Bat,Field,Royal Challengers Bangalore,Rajiv Gandhi International Stadium,Sunny,462
Kings XI Punjab,Chennai Super Kings,Kings XI Punjab,Chennai Super Kings,Bat,Field,Chennai Super Kings,Punjab Cricket Association Stadium,Sunny,463
Rajasthan Royals,Kolkata Knight Riders,Rajasthan Royals,Kolkata Knight Riders,Bat,Field,Rajasthan Royals,Brabourne Stadium,Sunny,464
Sunrisers Hyderabad,Mumbai Indians,Sunrisers Hyderabad,Mumbai Indians,Bat,Field,Mumbai Indians,Rajiv Gandhi International Stadium,Humid,465
Mumbai Indians,Chennai Super Kings,Mumbai Indians,Chennai Super Kings,Bat,Field,Mumbai Indians,Wankhede Stadium,Sunny,466
Royal Challengers Bangalore,Rajasthan Royals,Royal Challengers Bangalore,Rajasthan Royals,Bat,Field,Royal Challengers Bangalore,Maharashtra Cricket Association Stadium,Sunny,467
Royal Challengers Bangalore,Chennai Super Kings,Chennai Super Kings,Royal Challengers Bangalore,Field,Bat,Chennai Super Kings,JSCA International Stadium Complex,Sunny,468
Mumbai Indians,Chennai Super Kings,Chennai Super Kings,Mumbai Indians,Field,Bat,Mumbai Indians,Eden Gardens,Sunny,469
Delhi Daredevils,Kolkata Knight Riders,Kolkata Knight Riders,Delhi Daredevils,Field,Bat,Kolkata Knight Riders,Eden Gardens,Sunny,470
Kings XI Punjab,Gujarat Lions,Gujarat Lions,Kings XI Punjab,Field,Bat,Gujarat Lions,Punjab Cricket Association Stadium,Sunny,471
Royal Challengers Bangalore,Sunrisers Hyderabad,Sunrisers Hyderabad,Royal Challengers Bangalore,Field,Bat,Royal Challengers Bangalore,M Chinnaswamy Stadium,Sunny,472
Kolkata Knight Riders,Mumbai Indians,Mumbai Indians,Kolkata Knight Riders,Field,Bat,Mumbai Indians,Eden Gardens,Humid,473
Kings XI Punjab,Delhi Daredevils,Delhi Daredevils,Kings XI Punjab,Field,Bat,Delhi Daredevils,Feroz Shah Kotla,Sunny,474
Sunrisers Hyderabad,Kolkata Knight Riders,Sunrisers Hyderabad,Kolkata Knight Riders,Bat,Field,Kolkata Knight Riders,Rajiv Gandhi International Stadium,Sunny,475
Mumbai Indians,Gujarat Lions,Gujarat Lions,Mumbai Indians,Field,Bat,Gujarat Lions,Wankhede Stadium,Sunny,476
Royal Challengers Bangalore,Delhi Daredevils,Delhi Daredevils,Royal Challengers Bangalore,Field,Bat,Delhi Daredevils,M Chinnaswamy Stadium,Humid,477
Mumbai Indians,Sunrisers Hyderabad,Sunrisers Hyderabad,Mumbai Indians,Field,Bat,Sunrisers Hyderabad,Rajiv Gandhi International Stadium,Sunny,478
Kings XI Punjab,Kolkata Knight Riders,Kolkata Knight Riders,Kings XI Punjab,Field,Bat,Kolkata Knight Riders,Punjab Cricket Association Stadium,Sunny,479
Royal Challengers Bangalore,Mumbai Indians,Mumbai Indians,Royal Challengers Bangalore,Field,Bat,Mumbai Indians,Wankhede Stadium,Sunny,480
Gujarat Lions,Sunrisers Hyderabad,Sunrisers Hyderabad,Gujarat Lions,Field,Bat,Sunrisers Hyderabad,Saurashtra Cricket Association Stadium,Humid,481
Delhi Daredevils,Mumbai Indians,Mumbai Indians,Delhi Daredevils,Field,Bat,Delhi Daredevils,Feroz Shah Kotla,Sunny,482
Kings XI Punjab,Sunrisers Hyderabad,Sunrisers Hyderabad,Kings XI Punjab,Field,Bat,Sunrisers Hyderabad,Rajiv Gandhi International Stadium,Sunny,483
Royal Challengers Bangalore,Gujarat Lions,Royal Challengers Bangalore,Gujarat Lions,Bat,Field,Gujarat Lions,Saurashtra Cricket Association Stadium,Sunny,484
Mumbai Indians,Kings XI Punjab,Kings XI Punjab,Mumbai Indians,Field,Bat,Mumbai Indians,Punjab Cricket Association Stadium,Sunny,485
Gujarat Lions,Delhi Daredevils,Delhi Daredevils,Gujarat Lions,Field,Bat,Gujarat Lions,Feroz Shah Kotla,Humid,486
Kolkata Knight Riders,Mumbai Indians,Mumbai Indians,Kolkata Knight Riders,Field,Bat,Mumbai Indians,Wankhede Stadium,Sunny,487
Delhi Daredevils,Kolkata Knight Riders,Kolkata Knight Riders,Delhi Daredevils,Field,Bat,Delhi Daredevils,Feroz Shah Kotla,Sunny,488
Sunrisers Hyderabad,Royal Challengers Bangalore,Royal Challengers Bangalore,Sunrisers Hyderabad,Field,Bat,Sunrisers Hyderabad,Rajiv Gandhi International Stadium,Sunny,489
Kings XI Punjab,Gujarat Lions,Gujarat Lions,Kings XI Punjab,Field,Bat,Kings XI Punjab,Saurashtra Cricket Association Stadium,Humid,490
Royal Challengers Bangalore,Kolkata Knight Riders,Kolkata Knight Riders,Royal Challengers Bangalore,Field,Bat,Kolkata Knight Riders,M Chinnaswamy Stadium,Sunny,491
Gujarat Lions,Delhi Daredevils,Delhi Daredevils,Gujarat Lions,Field,Bat,Delhi Daredevils,Saurashtra Cricket Association Stadium,Sunny,492
Kolkata Knight Riders,Kings XI Punjab,Kings XI Punjab,Kolkata Knight Riders,Field,Bat,Kolkata Knight Riders,Eden Gardens,Sunny,493
Gujarat Lions,Sunrisers Hyderabad,Sunrisers Hyderabad,Gujarat Lions,Field,Bat,Sunrisers Hyderabad,Rajiv Gandhi International Stadium,Sunny,494
Kings XI Punjab,Delhi Daredevils,Delhi Daredevils,Kings XI Punjab,Field,Bat,Kings XI Punjab,Punjab Cricket Association Stadium,Humid,495
Sunrisers Hyderabad,Mumbai Indians,Mumbai Indians,Sunrisers Hyderabad,Field,Bat,Sunrisers Hyderabad,Dr. Y.S. Rajasekhara Reddy ACA-VDCA Cricket Stadium,Sunny,496
Kolkata Knight Riders,Gujarat Lions,Gujarat Lions,Kolkata Knight Riders,Field,Bat,Gujarat Lions,Eden Gardens,Sunny,497
Royal Challengers Bangalore,Kings XI Punjab,Kings XI Punjab,Royal Challengers Bangalore,Field,Bat,Royal Challengers Bangalore,Punjab Cricket Association Stadium,Sunny,498
Royal Challengers Bangalore,Mumbai Indians,Mumbai Indians,Royal Challengers Bangalore,Field,Bat,Mumbai Indians,M Chinnaswamy Stadium,Sunny,499
Sunrisers Hyderabad,Delhi Daredevils,Delhi Daredevils,Sunrisers Hyderabad,Field,Bat,Delhi Daredevils,Rajiv Gandhi International Stadium,Sunny,500
Mumbai Indians,Kings XI Punjab,Mumbai Indians,Kings XI Punjab,Bat,Field,Kings XI Punjab,Dr. Y.S. Rajasekhara Reddy ACA-VDCA Cricket Stadium,Sunny,501
Royal Challengers Bangalore,Gujarat Lions,Gujarat Lions,Royal Challengers Bangalore,Field,Bat,Royal Challengers Bangalore,M Chinnaswamy Stadium,Sunny,502
Kings XI Punjab,Sunrisers Hyderabad,Kings XI Punjab,Sunrisers Hyderabad,Bat,Field,Sunrisers Hyderabad,Punjab Cricket Association Stadium,Humid,503
Mumbai Indians,Delhi Daredevils,Delhi Daredevils,Mumbai Indians,Field,Bat,Mumbai Indians,Dr. Y.S. Rajasekhara Reddy ACA-VDCA Cricket Stadium,Sunny,504
Kolkata Knight Riders,Royal Challengers Bangalore,Royal Challengers Bangalore,Kolkata Knight Riders,Field,Bat,Royal Challengers Bangalore,Eden Gardens,Sunny,505
Royal Challengers Bangalore,Kings XI Punjab,Kings XI Punjab,Royal Challengers Bangalore,Field,Bat,Royal Challengers Bangalore,M Chinnaswamy Stadium,Sunny,506
Kolkata Knight Riders,Gujarat Lions,Gujarat Lions,Kolkata Knight Riders,Field,Bat,Gujarat Lions,Green Park,Sunny,507
Sunrisers Hyderabad,Delhi Daredevils,Delhi Daredevils,Sunrisers Hyderabad,Field,Bat,Delhi Daredevils,Shaheed Veer Narayan Singh International Stadium,Sunny,508
Mumbai Indians,Gujarat Lions,Gujarat Lions,Mumbai Indians,Field,Bat,Gujarat Lions,Green Park,Humid,509
Kolkata Knight Riders,Sunrisers Hyderabad,Sunrisers Hyderabad,Kolkata Knight Riders,Field,Bat,Kolkata Knight Riders,Eden Gardens,Sunny,510
Delhi Daredevils,Royal Challengers Bangalore,Royal Challengers Bangalore,Delhi Daredevils,Field,Bat,Royal Challengers Bangalore,Shaheed Veer Narayan Singh International Stadium,Sunny,511
Gujarat Lions,Royal Challengers Bangalore,Royal Challengers Bangalore,Gujarat Lions,Field,Bat,Royal Challengers Bangalore,M Chinnaswamy Stadium,Sunny,512
Sunrisers Hyderabad,Kolkata Knight Riders,Kolkata Knight Riders,Sunrisers Hyderabad,Field,Bat,Sunrisers Hyderabad,Feroz Shah Kotla,Sunny,513
Gujarat Lions,Sunrisers Hyderabad,Sunrisers Hyderabad,Gujarat Lions,Field,Bat,Sunrisers Hyderabad,Feroz Shah Kotla,Humid,514
Sunrisers Hyderabad,Royal Challengers Bangalore,Sunrisers Hyderabad,Royal Challengers Bangalore,Bat,Field,Sunrisers Hyderabad,M Chinnaswamy Stadium,Sunny,515
Mumbai Indians,Chennai Super Kings,Chennai Super Kings,Mumbai Indians,Field,Bat,Chennai Super Kings,Wankhede Stadium,Sunny,516
Delhi Daredevils,Kings XI Punjab,Kings XI Punjab,Delhi Daredevils,Field,Bat,Kings XI Punjab,Punjab Cricket Association Stadium,Sunny,517
Royal Challengers Bangalore,Kolkata Knight Riders,Kolkata Knight Riders,Royal Challengers Bangalore,Field,Bat,Kolkata Knight Riders,Eden Gardens,Humid,518
Rajasthan Royals,Sunrisers Hyderabad,Sunrisers Hyderabad,Rajasthan Royals,Field,Bat,Sunrisers Hyderabad,Rajiv Gandhi International Stadium,Sunny,519
Kolkata Knight Riders,Chennai Super Kings,Chennai Super Kings,Kolkata Knight Riders,Field,Bat,Chennai Super Kings,MA Chidambaram Stadium,Sunny,520
Rajasthan Royals,Delhi Daredevils,Delhi Daredevils,Rajasthan Royals,Field,Bat,Rajasthan Royals,Sawai Mansingh Stadium,Sunny,521
Mumbai Indians,Sunrisers Hyderabad,Sunrisers Hyderabad,Mumbai Indians,Field,Bat,Sunrisers Hyderabad,Rajiv Gandhi International Stadium,Sunny,522
Kings XI Punjab,Royal Challengers Bangalore,Royal Challengers Bangalore,Kings XI Punjab,Field,Bat,Royal Challengers Bangalore,M Chinnaswamy Stadium,Humid,523
Mumbai Indians,Delhi Daredevils,Delhi Daredevils,Mumbai Indians,Field,Bat,Delhi Daredevils,Wankhede Stadium,Sunny,524
Kolkata Knight Riders,Sunrisers Hyderabad,Sunrisers Hyderabad,Kolkata Knight Riders,Field,Bat,Sunrisers Hyderabad,Eden Gardens,Sunny,525
Rajasthan Royals,Royal Challengers Bangalore,Royal Challengers Bangalore,Rajasthan Royals,Field,Bat,Rajasthan Royals,M Chinnaswamy Stadium,Sunny,526
Kings XI Punjab,Chennai Super Kings,Chennai Super Kings,Kings XI Punjab,Field,Bat,Kings XI Punjab,Punjab Cricket Association Stadium,Sunny,527
Kolkata Knight Riders,Delhi Daredevils,Delhi Daredevils,Kolkata Knight Riders,Field,Bat,Kolkata Knight Riders,Eden Gardens,Sunny,528
Mumbai Indians,Royal Challengers Bangalore,Royal Challengers Bangalore,Mumbai Indians,Field,Bat,Mumbai Indians,Wankhede Stadium,Humid,529
Rajasthan Royals,Kolkata Knight Riders,Kolkata Knight Riders,Rajasthan Royals,Field,Bat,Kolkata Knight Riders,Sawai Mansingh Stadium,Sunny,530
Kings XI Punjab,Sunrisers Hyderabad,Kings XI Punjab,Sunrisers Hyderabad,Bat,Field,Kings XI Punjab,Punjab Cricket Association Stadium,Sunny,531
Chennai Super Kings,Rajasthan Royals,Rajasthan Royals,Chennai Super Kings,Field,Bat,Chennai Super Kings,Maharashtra Cricket Association Stadium,Sunny,532
Kolkata Knight Riders,Kings XI Punjab,Kings XI Punjab,Kolkata Knight Riders,Field,Bat,Kings XI Punjab,Eden Gardens,Sunny,533
Delhi Daredevils,Royal Challengers Bangalore,Royal Challengers Bangalore,Delhi Daredevils,Field,Bat,Royal Challengers Bangalore,M Chinnaswamy Stadium,Humid,534
Chennai Super Kings,Sunrisers Hyderabad,Sunrisers Hyderabad,Chennai Super Kings,Field,Bat,Chennai Super Kings,Rajiv Gandhi International Stadium,Sunny,535
Mumbai Indians,Rajasthan Royals,Mumbai Indians,Rajasthan Royals,Bat,Field,Rajasthan Royals,Sawai Mansingh Stadium,Sunny,536
Kings XI Punjab,Delhi Daredevils,Delhi Daredevils,Kings XI Punjab,Field,Bat,Kings XI Punjab,Feroz Shah Kotla,Sunny,537
Sunrisers Hyderabad,Mumbai Indians,Mumbai Indians,Sunrisers Hyderabad,Field,Bat,Sunrisers Hyderabad,Wankhede Stadium,Sunny,538
Royal Challengers Bangalore,Chennai Super Kings,Chennai Super Kings,Royal Challengers Bangalore,Field,Bat,Chennai Super Kings,M Chinnaswamy Stadium,Humid,539
Sunrisers Hyderabad,Kings XI Punjab,Kings XI Punjab,Sunrisers Hyderabad,Field,Bat,Sunrisers Hyderabad,Rajiv Gandhi International Stadium,Sunny,540
Delhi Daredevils,Kolkata Knight Riders,Kolkata Knight Riders,Delhi Daredevils,Field,Bat,Delhi Daredevils,Feroz Shah Kotla,Sunny,541
Chennai Super Kings,Mumbai Indians,Mumbai Indians,Chennai Super Kings,Field,Bat,Mumbai Indians,Maharashtra Cricket Association Stadium,Sunny,542
Sunrisers Hyderabad,Rajasthan Royals,Sunrisers Hyderabad,Rajasthan Royals,Bat,Field,Sunrisers Hyderabad,Sawai Mansingh Stadium,Sunny,543
Royal Challengers Bangalore,Kolkata Knight Riders,Kolkata Knight Riders,Royal Challengers Bangalore,Field,Bat,Kolkata Knight Riders,M Chinnaswamy Stadium,Sunny,544
Chennai Super Kings,Delhi Daredevils,Delhi Daredevils,Chennai Super Kings,Field,Bat,Chennai Super Kings,Maharashtra Cricket Association Stadium,Humid,545
Royal Challengers Bangalore,Mumbai Indians,Mumbai Indians,Royal Challengers Bangalore,Field,Bat,Royal Challengers Bangalore,M Chinnaswamy Stadium,Sunny,546
Delhi Daredevils,Rajasthan Royals,Rajasthan Royals,Delhi Daredevils,Field,Bat,Delhi Daredevils,Feroz Shah Kotla,Sunny,547
Chennai Super Kings,Kolkata Knight Riders,Kolkata Knight Riders,Chennai Super Kings,Field,Bat,Kolkata Knight Riders,Eden Gardens,Sunny,548
Kings XI Punjab,Mumbai Indians,Mumbai Indians,Kings XI Punjab,Field,Bat,Mumbai Indians,Holkar Cricket Stadium,Humid,549
Royal Challengers Bangalore,Chennai Super Kings,Chennai Super Kings,Royal Challengers Bangalore,Field,Bat,Chennai Super Kings,Maharashtra Cricket Association Stadium,Sunny,550
Delhi Daredevils,Sunrisers Hyderabad,Delhi Daredevils,Sunrisers Hyderabad,Bat,Field,Sunrisers Hyderabad,Rajiv Gandhi International Stadium,Sunny,551
Mumbai Indians,Kolkata Knight Riders,Kolkata Knight Riders,Mumbai Indians,Field,Bat,Mumbai Indians,Wankhede Stadium,Humid,552
Rajasthan Royals,Kings XI Punjab,Kings XI Punjab,Rajasthan Royals,Field,Bat,Kings XI Punjab,Holkar Cricket Stadium,Sunny,553
Sunrisers Hyderabad,Royal Challengers Bangalore,Royal Challengers Bangalore,Sunrisers Hyderabad,Field,Bat,Sunrisers Hyderabad,Rajiv Gandhi International Stadium,Sunny,554
Rajasthan Royals,Kings XI Punjab,Rajasthan Royals,Kings XI Punjab,Bat,Field,Rajasthan Royals,Sawai Mansingh Stadium,Humid,555
Mumbai Indians,Kolkata Knight Riders,Kolkata Knight Riders,Mumbai Indians,Field,Bat,Mumbai Indians,Eden Gardens,Sunny,556
Delhi Daredevils,Sunrisers Hyderabad,Delhi Daredevils,Sunrisers Hyderabad,Bat,Field,Sunrisers Hyderabad,Feroz Shah Kotla,Sunny,557
Chennai Super Kings,Rajasthan Royals,Chennai Super Kings,Rajasthan Royals,Bat,Field,Rajasthan Royals,Sawai Mansingh Stadium,Humid,558
Kolkata Knight Riders,Kings XI Punjab,Kings XI Punjab,Kolkata Knight Riders,Field,Bat,Kolkata Knight Riders,Holkar Cricket Stadium,Sunny,559
Delhi Daredevils,Royal Challengers Bangalore,Royal Challengers Bangalore,Delhi Daredevils,Field,Bat,Royal Challengers Bangalore,Feroz Shah Kotla,Humid,560
Sunrisers Hyderabad,Chennai Super Kings,Chennai Super Kings,Sunrisers Hyderabad,Field,Bat,Chennai Super Kings,Maharashtra Cricket Association Stadium,Humid,561
Mumbai Indians,Rajasthan Royals,Rajasthan Royals,Mumbai Indians,Field,Bat,Rajasthan Royals,Wankhede Stadium,Sunny,562
Kings XI Punjab,Royal Challengers Bangalore,Royal Challengers Bangalore,Kings XI Punjab,Field,Bat,Royal Challengers Bangalore,Holkar Cricket Stadium,Sunny,563
Rajasthan Royals,Kolkata Knight Riders,Kolkata Knight Riders,Rajasthan Royals,Field,Bat,Kolkata Knight Riders,Eden Gardens,Sunny,564
Mumbai Indians,Kings XI Punjab,Kings XI Punjab,Mumbai Indians,Field,Bat,Mumbai Indians,Wankhede Stadium,Humid,565
Royal Challengers Bangalore,Sunrisers Hyderabad,Sunrisers Hyderabad,Royal Challengers Bangalore,Field,Bat,Royal Challengers Bangalore,M Chinnaswamy Stadium,Dry,566
Delhi Daredevils,Chennai Super Kings,Chennai Super Kings,Delhi Daredevils,Field,Bat,Delhi Daredevils,Feroz Shah Kotla,Sunny,567
Rajasthan Royals,Royal Challengers Bangalore,Rajasthan Royals,Royal Challengers Bangalore,Bat,Field,Rajasthan Royals,Sawai Mansingh Stadium,Sunny,568
Sunrisers Hyderabad,Kolkata Knight Riders,Sunrisers Hyderabad,Kolkata Knight Riders,Bat,Field,Kolkata Knight Riders,Rajiv Gandhi International Stadium,Sunny,569
Delhi Daredevils,Mumbai Indians,Delhi Daredevils,Mumbai Indians,Bat,Field,Delhi Daredevils,Feroz Shah Kotla,Humid,570
Kings XI Punjab,Chennai Super Kings,Chennai Super Kings,Kings XI Punjab,Field,Bat,Chennai Super Kings,Maharashtra Cricket Association Stadium,Dry,571
Sunrisers Hyderabad,Chennai Super Kings,Chennai Super Kings,Sunrisers Hyderabad,Field,Bat,Chennai Super Kings,Wankhede Stadium,Sunny,572
Kolkata Knight Riders,Rajasthan Royals,Rajasthan Royals,Kolkata Knight Riders,Field,Bat,Kolkata Knight Riders,Eden Gardens,Sunny,573
Sunrisers Hyderabad,Kolkata Knight Riders,Kolkata Knight Riders,Sunrisers Hyderabad,Field,Bat,Sunrisers Hyderabad,Eden Gardens,Sunny,574
Sunrisers Hyderabad,Chennai Super Kings,Chennai Super Kings,Sunrisers Hyderabad,Field,Bat,Chennai Super Kings,Wankhede Stadium,Sunny,575
Royal Challengers Bangalore,Chennai Super Kings,Chennai Super Kings,Royal Challengers Bangalore,Field,Bat,Chennai Super Kings,M. A. Chidambaram Stadium,Humid,576
Sunrisers Hyderabad,Kolkata Knight Riders,Kolkata Knight Riders,Sunrisers Hyderabad,Field,Bat,Kolkata Knight Riders,Eden Gardens,Dry,577
Kings XI Punjab,Rajasthan Royals,Rajasthan Royals,Kings XI Punjab,Field,Bat,Kings XI Punjab,Sawai Mansingh Stadium,Sunny,578
Kolkata Knight Riders,Kings XI Punjab,Kings XI Punjab,Kolkata Knight Riders,Field,Bat,Kolkata Knight Riders,Eden Gardens,Sunny,579
Mumbai Indians,Royal Challengers Bangalore,Royal Challengers Bangalore,Mumbai Indians,Field,Bat,Mumbai Indians,M. Chinnaswamy Stadium,Sunny,580
Rajasthan Royals,Sunrisers Hyderabad,Rajasthan Royals,Sunrisers Hyderabad,Bat,Field,Sunrisers Hyderabad,Rajiv Gandhi Intl. Cricket Stadium,Sunny,581
Mumbai Indians,Kings XI Punjab,Kings XI Punjab,Mumbai Indians,Field,Bat,Kings XI Punjab,Punjab Cricket Association Stadium Stadium,Sunny,582
Sunrisers Hyderabad,Royal Challengers Bangalore,Royal Challengers Bangalore,Sunrisers Hyderabad,Field,Bat,Sunrisers Hyderabad,Rajiv Gandhi Intl. Cricket Stadium,Dry,583
Chennai Super Kings,Rajasthan Royals,Rajasthan Royals,Chennai Super Kings,Field,Bat,Chennai Super Kings,M. A. Chidambaram Stadium,Sunny,584
Royal Challengers Bangalore,Rajasthan Royals,Rajasthan Royals,Royal Challengers Bangalore,Field,Bat,Rajasthan Royals,Sawai Mansingh Stadium,Sunny,585
Mumbai Indians,Chennai Super Kings,Chennai Super Kings,Mumbai Indians,Field,Bat,Mumbai Indians,Wankhede Stadium,Sunny,586
Royal Challengers Bangalore,Kolkata Knight Riders,Kolkata Knight Riders,Royal Challengers Bangalore,Field,Bat,Kolkata Knight Riders,M. Chinnaswamy Stadium,Dry,587
Chennai Super Kings,Kings XI Punjab,Chennai Super Kings,Kings XI Punjab,Bat,Field,Chennai Super Kings,M. A. Chidambaram Stadium,Sunny,588
Mumbai Indians,Sunrisers Hyderabad,Sunrisers Hyderabad,Mumbai Indians,Field,Bat,Mumbai Indians,Rajiv Gandhi Intl. Cricket Stadium,Sunny,589
Rajasthan Royals,Kolkata Knight Riders,Kolkata Knight Riders,Rajasthan Royals,Field,Bat,Kolkata Knight Riders,Sawai Mansingh Stadium,Sunny,590
Sunrisers Hyderabad,Kings XI Punjab,Kings XI Punjab,Sunrisers Hyderabad,Field,Bat,Kings XI Punjab,Punjab Cricket Association Stadium Stadium,Sunny,591
Kolkata Knight Riders,Chennai Super Kings,Chennai Super Kings,Kolkata Knight Riders,Field,Bat,Chennai Super Kings,M. A. Chidambaram Stadium,Humid,592
Kings XI Punjab,Mumbai Indians,Mumbai Indians,Kings XI Punjab,Field,Bat,Mumbai Indians,Wankhede Stadium,Dry,593
Rajasthan Royals,Chennai Super Kings,Chennai Super Kings,Rajasthan Royals,Field,Bat,Chennai Super Kings,Sawai Mansingh Stadium,Sunny,594
Mumbai Indians,Rajasthan Royals,Rajasthan Royals,Mumbai Indians,Field,Bat,Rajasthan Royals,Wankhede Stadium,Humid,595
Kings XI Punjab,Royal Challengers Bangalore,Royal Challengers Bangalore,Kings XI Punjab,Field,Bat,Royal Challengers Bangalore,Punjab Cricket Association Stadium Stadium,Dry,596
Kolkata Knight Riders,Chennai Super Kings,Chennai Super Kings,Kolkata Knight Riders,Field,Bat,Chennai Super Kings,Eden Gardens,Sunny,597
Royal Challengers Bangalore,Mumbai Indians,Mumbai Indians,Royal Challengers Bangalore,Field,Bat,Mumbai Indians,Wankhede Stadium,Humid,598
Kings XI Punjab,Rajasthan Royals,Rajasthan Royals,Kings XI Punjab,Field,Bat,Kings XI Punjab,Punjab Cricket Association Stadium Stadium,Dry,599
Chennai Super Kings,Sunrisers Hyderabad,Chennai Super Kings,Sunrisers Hyderabad,Bat,Field,Sunrisers Hyderabad,Rajiv Gandhi Intl. Cricket Stadium,Sunny,600
Royal Challengers Bangalore,Kolkata Knight Riders,Kolkata Knight Riders,Royal Challengers Bangalore,Field,Bat,Royal Challengers Bangalore,Eden Gardens,Dry,601
Mumbai Indians,Rajasthan Royals,Rajasthan Royals,Mumbai Indians,Field,Bat,Rajasthan Royals,Sawai Mansingh Stadium,Sunny,602
Kolkata Knight Riders,Sunrisers Hyderabad,Sunrisers Hyderabad,Kolkata Knight Riders,Field,Bat,Sunrisers Hyderabad,Rajiv Gandhi Intl. Cricket Stadium,Humid,603
Royal Challengers Bangalore,Chennai Super Kings,Chennai Super Kings,Royal Challengers Bangalore,Field,Bat,Royal Challengers Bangalore,M. Chinnaswamy Stadium,Dry,604
Sunrisers Hyderabad,Chennai Super Kings,Chennai Super Kings,Sunrisers Hyderabad,Field,Bat,Chennai Super Kings,M. A. Chidambaram Stadium,Dry,605
Royal Challengers Bangalore,Kings XI Punjab,Kings XI Punjab,Royal Challengers Bangalore,Field,Bat,Royal Challengers Bangalore,M. Chinnaswamy Stadium,Sunny,606
Kolkata Knight Riders,Rajasthan Royals,Rajasthan Royals,Kolkata Knight Riders,Field,Bat,Rajasthan Royals,Eden Gardens,Sunny,607
Mumbai Indians,Chennai Super Kings,Chennai Super Kings,Mumbai Indians,Field,Bat,Mumbai Indians,M. A. Chidambaram Stadium,Sunny,608
Sunrisers Hyderabad,Rajasthan Royals,Rajasthan Royals,Sunrisers Hyderabad,Field,Bat,Rajasthan Royals,Sawai Mansingh Stadium,Sunny,609
Kolkata Knight Riders,Mumbai Indians,Mumbai Indians,Kolkata Knight Riders,Field,Bat,Kolkata Knight Riders,Eden Gardens,Dry,610
Sunrisers Hyderabad,Kings XI Punjab,Kings XI Punjab,Sunrisers Hyderabad,Field,Bat,Sunrisers Hyderabad,Rajiv Gandhi Intl. Cricket Stadium,Sunny,611
Mumbai Indians,Sunrisers Hyderabad,Mumbai Indians,Sunrisers Hyderabad,Bat,Field,Mumbai Indians,Wankhede Stadium,Sunny,612
Kings XI Punjab,Kolkata Knight Riders,Kolkata Knight Riders,Kings XI Punjab,Field,Bat,Kolkata Knight Riders,Punjab Cricket Association Stadium Stadium,Humid,613
Sunrisers Hyderabad,Royal Challengers Bangalore,Royal Challengers Bangalore,Sunrisers Hyderabad,Field,Bat,Royal Challengers Bangalore,M. Chinnaswamy Stadium,Sunny,614
Chennai Super Kings,Kings XI Punjab,Kings XI Punjab,Chennai Super Kings,Field,Bat,Kings XI Punjab,Punjab Cricket Association Stadium Stadium,Sunny,615
Kolkata Knight Riders,Mumbai Indians,Mumbai Indians,Kolkata Knight Riders,Field,Bat,Mumbai Indians,Wankhede Stadium,Humid,616
Chennai Super Kings,Mumbai Indians,Chennai Super Kings,Mumbai Indians,Bat,Field,Mumbai Indians,M. A. Chidambaram Stadium,Dry,617
Mumbai Indians,Chennai Super Kings,Mumbai Indians,Chennai Super Kings,Bat,Field,Mumbai Indians,Rajiv Gandhi Intl. Cricket Stadium,Dry,618
